customer_id,transaction_value,category,is_fx_transaction
664,184.89,Online,0
896,163.73,Dining,0
233,131.33,Dining,0
474,62.22,Travel,0
405,39.15,Retail,0
658,93.84,Utilities,0
271,208.93,Utilities,0
847,215.22,Utilities,0
134,11.48,Utilities,0
171,55.92,Online,0
415,62.5,Dining,0
28,379.94,Online,0
136,113.32,Dining,0
925,52.3,Retail,0
405,2.64,Travel,1
977,83.33,Utilities,1
888,10.1,Travel,1
505,179.85,Online,0
241,139.64,Retail,0
856,61.71,Travel,0
954,56.07,Travel,0
444,227.63,Retail,0
434,34.03,Retail,0
228,28.64,Retail,0
509,280.01,Online,1
799,165.68,Retail,1
303,171.83,Retail,0
34,21.72,Retail,1
2,15.47,Dining,0
362,2.64,Dining,0
195,27.06,Dining,0
606,148.81,Travel,0
840,27.45,Retail,1
308,130.6,Online,0
647,29.02,Online,1
716,50.3,Retail,1
250,408.41,Travel,0
147,28.08,Retail,0
346,47.22,Retail,0
348,35.82,Online,0
254,11.61,Dining,0
399,67.31,Retail,1
334,47.59,Travel,0
176,118.71,Utilities,1
125,170.15,Online,0
763,78.58,Online,0
398,3.27,Travel,0
131,96.48,Dining,0
562,5.7,Travel,0
605,95.8,Retail,0
892,115.53,Travel,0
822,22.04,Dining,0
902,171.12,Retail,0
945,242.01,Online,0
407,167.71,Retail,1
732,36.4,Travel,0
846,88.34,Retail,0
334,246.29,Travel,0
20,38.66,Retail,1
205,171.5,Retail,0
603,0.95,Travel,0
956,0.37,Travel,0
355,142.59,Dining,0
173,143.32,Retail,0
189,155.58,Dining,0
824,265.96,Dining,0
2,12.55,Travel,0
873,26.39,Online,0
941,234.05,Dining,0
168,19.51,Travel,1
368,114.64,Utilities,0
536,75.6,Online,1
925,8.69,Utilities,0
963,33.58,Dining,0
877,73.47,Travel,0
580,191.29,Retail,0
370,122.94,Dining,0
706,97.26,Utilities,0
596,68.52,Dining,0
950,35.48,Online,0
437,12.7,Travel,0
207,52.61,Travel,1
49,2.89,Utilities,0
544,23.71,Online,0
829,56.65,Utilities,0
682,54.23,Online,0
129,4.53,Travel,0
447,88.93,Dining,0
614,79.78,Utilities,0
35,8.13,Dining,0
819,286.76,Retail,0
199,10.47,Travel,0
813,192.99,Dining,0
77,0.03,Retail,0
369,213.95,Online,1
833,1.99,Retail,0
526,141.8,Travel,0
349,44.89,Online,0
506,134.02,Travel,0
643,51.37,Online,0
238,7.35,Travel,0
280,145.89,Utilities,0
577,7.39,Retail,1
432,255.26,Retail,0
138,5.23,Online,0
269,65.26,Online,0
740,128.39,Retail,0
201,49.96,Utilities,0
142,24.49,Dining,0
612,142.33,Utilities,0
650,153.38,Dining,0
680,256.0,Travel,0
919,47.19,Travel,0
611,70.57,Travel,0
823,45.12,Dining,0
831,29.72,Travel,0
839,139.04,Retail,0
938,41.5,Retail,0
355,55.89,Retail,1
578,51.7,Online,0
847,124.71,Dining,1
329,249.85,Online,0
559,109.89,Utilities,0
849,63.79,Dining,0
894,151.05,Utilities,0
231,102.44,Travel,0
308,6.25,Retail,0
658,10.06,Travel,1
719,3.87,Travel,0
146,61.03,Online,1
152,174.79,Dining,0
791,37.55,Retail,1
140,48.48,Online,0
663,240.22,Dining,0
21,181.34,Retail,0
254,109.38,Dining,1
64,31.03,Utilities,0
218,12.45,Online,0
72,1.62,Dining,0
990,11.32,Travel,1
162,34.62,Retail,0
130,80.25,Travel,0
581,6.61,Online,0
927,14.64,Travel,1
225,19.98,Retail,0
758,99.96,Utilities,0
580,95.66,Online,1
454,80.02,Dining,0
983,28.84,Retail,0
915,46.38,Retail,0
384,10.17,Retail,1
107,25.68,Dining,0
621,227.99,Retail,0
840,389.67,Online,1
103,104.32,Utilities,0
141,248.68,Travel,1
577,102.93,Travel,0
134,3.38,Online,0
199,573.3,Utilities,0
880,10.42,Online,0
510,114.77,Retail,0
667,29.15,Retail,0
79,49.75,Online,1
948,103.83,Dining,0
894,57.36,Retail,1
482,28.84,Dining,0
512,40.71,Online,0
250,41.79,Retail,1
889,320.21,Online,0
599,160.25,Retail,1
816,61.35,Online,0
753,22.29,Dining,0
600,166.61,Travel,0
975,17.1,Online,0
483,23.63,Online,0
836,45.57,Utilities,0
172,212.32,Travel,0
869,14.13,Dining,0
17,13.04,Dining,1
735,68.12,Dining,1
294,32.35,Online,0
394,84.1,Retail,0
822,60.08,Retail,0
498,57.09,Dining,0
219,11.88,Retail,0
234,15.2,Utilities,1
390,172.08,Dining,0
248,217.05,Travel,0
902,26.75,Online,1
52,12.04,Travel,0
15,5.49,Dining,1
324,93.73,Retail,0
441,125.65,Travel,0
112,46.65,Retail,1
696,113.84,Dining,0
872,124.81,Travel,0
7,273.86,Travel,0
563,6.71,Travel,0
826,21.36,Retail,0
753,7.1,Utilities,0
245,202.49,Retail,0
448,157.3,Online,0
365,85.48,Dining,0
367,8.74,Dining,0
922,31.93,Travel,0
698,35.34,Utilities,0
287,82.27,Retail,0
962,29.85,Dining,0
604,7.58,Utilities,0
106,131.22,Online,0
13,35.54,Dining,0
146,60.22,Utilities,1
478,13.66,Online,0
631,162.23,Retail,0
715,83.36,Travel,0
653,231.86,Travel,0
115,68.41,Travel,0
509,283.75,Online,0
152,222.44,Dining,0
57,85.91,Retail,1
382,271.65,Online,0
157,39.02,Retail,1
952,45.51,Utilities,0
822,4.65,Utilities,0
133,88.97,Utilities,0
163,127.99,Online,0
275,148.51,Retail,0
695,16.23,Dining,1
77,58.73,Retail,0
837,19.46,Retail,0
44,108.51,Dining,0
718,17.19,Retail,0
550,234.51,Utilities,0
318,26.22,Utilities,0
534,34.45,Travel,0
585,190.32,Dining,0
753,61.34,Travel,0
936,2.43,Online,1
154,68.24,Dining,1
237,8.83,Retail,0
893,422.3,Travel,0
517,88.7,Travel,1
221,29.64,Utilities,0
310,82.95,Retail,0
598,8.0,Retail,0
177,160.89,Online,0
771,259.47,Online,1
220,207.5,Online,0
38,41.82,Dining,1
654,39.42,Dining,0
431,3.57,Dining,0
910,105.38,Retail,1
747,76.55,Dining,1
203,61.5,Retail,0
841,238.2,Travel,0
806,18.38,Utilities,0
448,0.97,Travel,0
495,7.61,Utilities,0
684,25.28,Retail,0
125,3.39,Travel,0
838,69.89,Dining,0
65,37.7,Online,0
793,19.9,Dining,0
784,138.66,Online,0
244,22.87,Retail,0
527,116.35,Utilities,0
226,42.97,Retail,0
465,71.71,Online,0
643,271.61,Travel,0
707,3.81,Online,1
293,69.37,Dining,0
721,192.7,Retail,0
951,88.67,Utilities,0
381,32.42,Retail,0
625,50.7,Retail,1
756,114.03,Online,0
166,221.47,Retail,1
703,4.19,Retail,0
769,7.42,Dining,0
839,39.31,Online,0
218,26.5,Retail,0
871,30.78,Dining,1
275,25.01,Online,0
52,21.79,Online,0
374,14.0,Utilities,0
670,271.74,Online,1
363,15.57,Dining,0
567,22.87,Travel,0
14,28.27,Retail,0
781,270.33,Online,0
340,140.94,Utilities,0
602,155.92,Online,0
539,11.07,Retail,0
89,180.98,Travel,1
905,52.46,Dining,1
41,30.49,Dining,0
304,85.74,Online,0
268,172.7,Dining,1
138,150.8,Retail,0
6,220.73,Utilities,0
242,263.29,Dining,1
162,27.2,Retail,0
692,55.14,Travel,0
809,1.47,Utilities,0
979,211.46,Online,0
518,16.79,Travel,0
898,197.67,Retail,0
783,39.96,Retail,0
401,45.91,Retail,1
784,3.99,Dining,0
156,39.58,Dining,0
85,219.25,Dining,0
712,2.59,Online,0
10,52.14,Retail,0
138,3.19,Retail,0
754,46.35,Travel,0
906,18.95,Retail,0
713,29.06,Retail,0
156,210.04,Dining,0
408,57.28,Online,0
787,31.99,Online,0
225,89.0,Online,1
580,15.33,Dining,1
184,30.03,Online,0
195,79.02,Retail,1
554,27.12,Utilities,0
396,113.67,Retail,1
914,67.63,Retail,0
663,147.84,Retail,0
596,296.12,Utilities,0
134,12.31,Utilities,0
309,40.75,Online,0
866,38.5,Dining,0
810,16.39,Dining,0
962,166.23,Utilities,0
542,142.66,Dining,0
9,66.25,Utilities,0
987,77.17,Travel,1
170,6.14,Travel,0
290,81.08,Online,1
168,156.71,Retail,1
344,85.29,Utilities,0
497,30.83,Dining,0
145,110.13,Utilities,0
413,44.86,Travel,1
740,78.72,Online,0
818,66.86,Travel,0
588,47.99,Dining,0
735,126.9,Dining,1
689,215.31,Utilities,0
457,0.52,Dining,1
701,271.23,Retail,0
979,71.64,Utilities,0
302,120.64,Retail,0
46,193.53,Travel,1
894,62.94,Retail,0
17,180.17,Online,1
578,19.56,Retail,0
360,17.34,Retail,0
261,107.14,Utilities,0
123,204.13,Online,0
231,222.96,Retail,0
950,103.21,Online,1
637,74.55,Utilities,1
112,40.26,Retail,0
784,391.2,Online,0
593,38.52,Dining,0
246,136.33,Dining,1
859,75.92,Travel,0
391,93.78,Dining,1
392,50.0,Retail,0
328,334.74,Online,0
215,84.79,Retail,1
864,277.72,Travel,0
747,0.76,Retail,0
367,85.02,Online,1
82,126.3,Travel,0
806,136.68,Travel,0
822,235.36,Travel,0
76,0.44,Online,0
527,0.03,Travel,0
732,63.92,Online,0
503,2.97,Retail,0
742,367.04,Retail,0
946,25.11,Dining,0
952,63.99,Utilities,0
479,6.31,Retail,0
372,73.82,Retail,0
265,47.8,Retail,0
264,4.57,Dining,0
110,40.82,Travel,1
915,49.67,Online,0
307,459.73,Retail,0
200,23.3,Retail,0
226,78.7,Travel,0
185,436.74,Dining,0
964,157.03,Dining,1
31,501.58,Retail,0
614,345.14,Utilities,0
771,67.24,Travel,0
99,119.2,Online,0
339,11.7,Dining,0
811,58.19,Retail,0
797,165.56,Online,0
266,70.39,Online,0
652,121.3,Travel,0
814,136.94,Dining,0
798,29.23,Retail,0
350,208.51,Dining,1
978,61.59,Travel,0
728,23.6,Online,1
544,200.56,Retail,0
457,54.1,Retail,0
815,138.75,Retail,0
88,79.41,Retail,1
63,48.11,Dining,0
922,166.01,Retail,0
387,87.82,Online,0
791,49.52,Retail,0
459,11.61,Online,0
586,225.8,Dining,0
818,3.61,Utilities,0
932,198.91,Utilities,0
636,44.62,Online,0
269,101.98,Online,0
894,255.36,Travel,0
797,16.45,Online,0
934,83.69,Utilities,0
973,144.58,Retail,0
633,141.71,Dining,0
346,74.58,Retail,0
724,98.01,Dining,0
901,141.69,Travel,0
660,183.9,Dining,0
78,143.47,Dining,0
365,43.7,Utilities,0
14,572.19,Dining,0
136,57.0,Online,1
304,2.48,Travel,0
397,45.04,Travel,0
792,13.67,Travel,0
79,12.95,Retail,0
755,33.06,Travel,1
705,5.49,Dining,1
982,116.64,Dining,0
418,7.69,Dining,1
242,22.73,Travel,0
51,9.75,Travel,0
744,6.53,Dining,1
771,31.16,Retail,0
384,84.84,Retail,1
375,334.35,Retail,0
730,208.39,Retail,0
206,208.69,Retail,1
826,19.37,Retail,0
489,30.78,Retail,0
381,7.95,Dining,0
968,150.72,Retail,0
881,7.24,Travel,1
311,81.35,Utilities,0
375,28.49,Online,0
632,27.9,Travel,0
592,468.04,Utilities,1
42,141.38,Travel,0
533,181.36,Retail,0
522,84.86,Utilities,0
825,204.81,Online,1
153,103.7,Travel,1
312,292.2,Dining,0
294,33.04,Dining,0
598,90.47,Retail,0
113,117.16,Retail,0
701,49.91,Travel,1
112,211.78,Utilities,0
175,390.22,Retail,0
822,68.08,Online,0
302,49.53,Retail,1
964,63.85,Travel,0
516,191.55,Dining,0
734,103.7,Dining,0
962,4.58,Retail,1
221,78.13,Travel,0
171,1.75,Dining,0
318,150.75,Retail,0
996,39.8,Retail,0
213,63.87,Dining,0
253,160.29,Dining,0
124,4.76,Retail,0
640,17.26,Dining,0
213,50.74,Utilities,1
624,26.13,Retail,1
85,41.23,Dining,0
516,630.6,Retail,0
65,174.53,Retail,0
318,215.33,Retail,0
346,276.55,Travel,0
632,41.69,Online,0
243,35.25,Retail,0
898,26.67,Dining,0
137,177.26,Travel,0
247,113.8,Retail,0
441,26.94,Dining,0
45,47.32,Online,0
658,70.67,Online,0
880,75.11,Online,0
688,219.58,Travel,0
554,47.89,Online,0
809,239.17,Retail,0
971,58.23,Online,0
89,137.19,Utilities,0
730,266.29,Retail,0
954,238.14,Travel,1
228,5.86,Dining,0
810,23.03,Online,0
291,64.8,Retail,0
422,56.48,Utilities,0
67,102.41,Dining,0
251,289.51,Retail,0
41,11.92,Retail,0
99,60.12,Online,0
306,21.37,Retail,0
872,224.53,Retail,0
854,334.05,Dining,1
456,65.14,Dining,0
591,10.98,Dining,0
301,153.85,Travel,0
199,119.45,Online,0
659,43.8,Utilities,0
488,218.4,Retail,0
106,372.27,Online,1
401,81.61,Utilities,0
705,83.41,Dining,0
477,35.31,Dining,0
122,87.83,Retail,0
77,57.92,Dining,0
312,35.98,Dining,0
112,6.95,Online,0
861,29.13,Utilities,1
809,22.05,Retail,0
682,78.1,Retail,0
518,92.05,Retail,0
197,93.8,Online,0
98,49.13,Retail,0
459,54.68,Dining,0
841,179.72,Travel,0
230,64.67,Travel,1
168,440.41,Retail,0
809,57.91,Online,0
777,104.86,Dining,0
8,5.17,Utilities,0
172,105.94,Dining,0
954,190.67,Retail,0
360,285.52,Retail,0
195,592.22,Utilities,0
269,33.15,Online,0
19,85.65,Retail,0
354,59.91,Online,0
864,82.97,Travel,0
49,17.13,Travel,0
464,193.9,Retail,0
356,240.32,Online,0
850,59.72,Retail,0
974,32.91,Retail,0
158,15.18,Travel,0
66,115.13,Retail,0
973,37.43,Dining,0
859,240.28,Retail,0
571,111.17,Travel,1
821,103.76,Utilities,0
308,81.96,Travel,0
337,4.69,Travel,0
671,268.71,Travel,1
783,98.87,Dining,0
121,512.64,Online,0
766,77.08,Retail,1
404,123.83,Online,0
773,5.79,Online,0
647,99.9,Online,1
786,144.67,Retail,0
568,150.74,Retail,0
843,147.02,Dining,0
96,25.65,Online,0
114,370.49,Dining,0
987,533.54,Retail,0
986,7.86,Retail,0
869,275.59,Dining,0
429,34.17,Online,1
540,116.89,Retail,0
818,41.27,Retail,0
2,343.44,Travel,0
212,10.7,Dining,0
580,68.87,Online,0
640,55.87,Online,0
333,39.46,Dining,0
24,103.71,Retail,0
765,14.05,Dining,0
368,126.11,Utilities,0
742,394.21,Utilities,0
506,163.25,Online,0
1000,196.62,Travel,0
176,44.57,Online,0
429,39.29,Online,0
887,72.78,Dining,0
733,4.68,Retail,0
442,290.7,Utilities,0
548,15.52,Travel,1
514,233.32,Retail,0
895,8.73,Retail,0
361,172.95,Dining,0
274,16.48,Travel,1
177,3.89,Retail,0
264,127.11,Online,1
186,32.89,Online,1
527,125.35,Online,1
913,80.99,Retail,1
279,11.52,Dining,0
706,269.02,Retail,1
198,60.21,Travel,0
349,132.59,Travel,1
923,69.52,Online,0
421,92.73,Travel,0
305,36.06,Retail,0
64,22.36,Travel,0
290,78.21,Travel,0
18,58.02,Utilities,0
64,49.45,Utilities,1
874,111.65,Retail,0
330,117.28,Retail,0
870,4.7,Retail,0
763,41.36,Online,0
940,53.06,Retail,0
17,10.19,Retail,1
443,26.91,Dining,0
141,5.3,Retail,0
308,558.39,Retail,0
444,133.39,Travel,1
496,9.15,Retail,0
426,2.05,Dining,0
475,127.04,Utilities,0
832,57.84,Retail,0
245,154.55,Travel,1
450,257.02,Utilities,0
802,91.45,Online,0
351,20.72,Travel,0
599,152.42,Dining,0
711,311.93,Retail,0
870,86.81,Online,0
960,114.57,Utilities,0
161,41.17,Dining,1
140,48.05,Travel,0
493,132.67,Retail,0
588,262.79,Dining,0
531,99.15,Dining,0
393,155.99,Dining,0
842,18.83,Retail,0
401,23.82,Dining,0
50,75.94,Dining,1
744,19.43,Retail,0
295,100.78,Retail,0
425,34.48,Retail,1
906,156.8,Online,0
12,165.08,Dining,0
335,62.32,Online,0
991,19.94,Retail,0
15,104.06,Utilities,1
28,493.19,Online,0
388,97.44,Travel,0
292,3.64,Retail,0
887,1.74,Retail,0
833,38.62,Utilities,0
250,21.79,Travel,0
505,167.69,Travel,0
98,186.31,Retail,0
815,29.92,Online,0
337,39.4,Retail,0
39,26.95,Travel,0
38,239.01,Travel,0
300,69.85,Travel,0
179,106.75,Travel,0
609,53.7,Dining,0
892,99.7,Online,1
469,48.75,Online,0
282,41.5,Online,0
750,100.64,Retail,0
164,89.42,Online,0
453,34.75,Retail,0
97,16.18,Retail,1
769,45.98,Utilities,0
309,53.65,Online,0
262,99.07,Dining,0
293,245.96,Online,0
770,3.69,Utilities,1
249,27.93,Dining,0
245,21.53,Dining,1
251,69.77,Online,1
123,56.16,Retail,0
325,130.58,Retail,0
986,27.76,Online,0
681,90.26,Travel,1
947,215.29,Retail,0
501,241.55,Travel,0
687,318.89,Travel,0
781,148.4,Utilities,0
716,236.43,Dining,1
837,26.73,Dining,0
66,22.01,Utilities,0
827,0.65,Utilities,0
836,122.71,Dining,0
59,277.21,Utilities,0
731,20.69,Travel,0
498,101.32,Retail,0
373,137.22,Retail,0
266,262.57,Dining,0
653,104.09,Dining,0
236,351.64,Dining,1
898,42.26,Dining,1
218,43.07,Retail,0
527,78.31,Retail,0
814,48.37,Dining,1
441,0.14,Retail,0
650,131.59,Dining,1
406,139.32,Dining,1
744,137.43,Dining,0
601,42.32,Travel,0
975,73.88,Dining,0
589,44.62,Online,0
648,1.62,Utilities,1
917,82.66,Online,1
469,13.21,Dining,0
918,8.34,Retail,0
110,140.85,Dining,0
353,0.96,Utilities,0
813,319.44,Retail,0
91,72.41,Retail,1
936,407.55,Retail,0
882,5.97,Online,0
918,87.59,Travel,0
414,42.97,Retail,0
702,185.46,Online,0
73,44.82,Dining,0
685,30.18,Travel,0
547,194.88,Travel,0
722,46.94,Retail,0
298,1.7,Travel,0
645,49.48,Travel,1
283,106.28,Dining,1
505,29.35,Online,0
198,56.56,Dining,0
958,5.84,Retail,1
32,88.7,Dining,0
648,141.18,Online,0
760,53.33,Retail,0
871,54.51,Retail,0
341,9.24,Dining,0
658,22.56,Dining,0
334,16.8,Retail,0
143,65.72,Online,1
746,75.34,Dining,1
410,297.48,Utilities,0
949,7.61,Retail,0
44,91.6,Online,0
32,74.76,Retail,0
743,72.62,Dining,0
28,206.48,Dining,0
423,23.01,Travel,0
491,4.16,Online,0
160,111.56,Retail,0
845,42.34,Dining,1
207,1.77,Retail,0
18,28.95,Online,1
103,37.01,Retail,1
582,95.93,Online,0
631,18.94,Online,0
651,53.28,Online,0
672,65.87,Retail,0
232,61.48,Dining,0
660,364.74,Retail,0
865,4.66,Online,0
424,301.53,Online,0
904,87.21,Dining,0
755,158.83,Online,0
547,56.28,Retail,0
837,60.48,Dining,0
894,211.47,Retail,0
867,226.27,Utilities,1
239,27.27,Online,0
334,22.22,Online,0
149,68.56,Utilities,0
623,230.54,Travel,0
408,38.91,Utilities,0
17,105.56,Travel,0
914,123.15,Online,1
226,150.81,Online,0
652,82.99,Retail,0
656,51.49,Travel,0
260,341.17,Retail,0
729,94.5,Utilities,0
674,130.4,Retail,0
604,42.31,Dining,1
174,110.85,Online,0
843,29.81,Retail,0
205,28.12,Travel,0
415,125.43,Dining,0
508,73.69,Retail,1
153,114.97,Online,0
103,31.39,Retail,0
714,91.31,Retail,1
792,58.69,Dining,0
65,90.87,Travel,0
117,34.37,Utilities,0
665,125.68,Online,0
156,163.95,Travel,0
676,30.1,Travel,0
82,35.76,Travel,1
518,108.22,Retail,0
834,118.94,Dining,1
67,121.77,Online,0
238,114.79,Travel,0
584,49.89,Retail,0
607,50.23,Travel,1
816,29.41,Retail,0
979,17.06,Online,0
326,117.95,Dining,0
590,9.78,Travel,1
67,277.73,Travel,1
176,175.27,Utilities,0
833,194.85,Retail,0
684,237.16,Online,0
478,52.53,Travel,1
255,187.54,Online,0
63,17.2,Online,0
814,2.19,Retail,1
403,153.66,Online,0
758,7.77,Dining,0
192,446.76,Retail,0
979,112.33,Retail,0
329,140.02,Dining,0
71,28.21,Dining,0
878,112.04,Online,0
741,4.42,Online,0
946,181.91,Dining,0
63,18.59,Online,1
297,119.52,Dining,0
245,25.42,Retail,0
519,7.09,Utilities,0
393,65.68,Retail,0
772,18.55,Travel,1
601,130.73,Online,0
177,27.12,Travel,0
204,41.93,Retail,1
646,83.8,Retail,0
594,33.54,Dining,0
1000,47.48,Utilities,1
533,169.08,Dining,0
911,19.75,Dining,0
128,8.58,Travel,0
195,39.8,Retail,1
194,55.23,Retail,0
184,78.23,Retail,0
247,46.59,Travel,1
873,156.02,Retail,0
872,4.01,Retail,0
324,56.52,Online,0
160,48.17,Online,0
706,104.29,Utilities,0
622,338.96,Dining,1
925,71.41,Retail,0
66,433.34,Online,0
930,35.99,Retail,0
254,3.14,Dining,0
283,18.11,Online,0
60,50.27,Online,0
118,38.03,Utilities,0
423,10.21,Online,1
556,56.68,Dining,0
998,41.27,Retail,0
722,13.08,Utilities,0
36,35.11,Retail,1
531,217.54,Utilities,1
91,35.96,Travel,0
301,125.16,Retail,0
724,94.69,Online,0
917,55.72,Retail,0
919,27.32,Online,1
734,46.05,Retail,0
217,89.68,Online,0
735,43.19,Dining,0
923,24.19,Dining,0
98,12.38,Travel,0
456,211.83,Retail,0
531,58.04,Online,0
809,98.14,Retail,0
538,67.41,Travel,0
28,206.02,Dining,0
576,79.17,Travel,0
324,65.54,Retail,0
223,258.5,Retail,1
80,127.19,Retail,1
563,11.83,Online,0
458,19.57,Retail,0
614,154.7,Utilities,0
176,180.7,Retail,0
522,78.79,Retail,0
749,80.85,Dining,0
457,99.95,Retail,0
423,57.82,Dining,1
100,114.01,Online,1
890,11.48,Retail,0
740,325.14,Online,0
403,138.69,Travel,0
576,99.74,Retail,0
380,38.03,Retail,0
531,17.55,Utilities,0
332,52.65,Retail,0
318,108.35,Online,0
653,100.43,Dining,0
537,48.23,Retail,1
740,95.01,Travel,0
89,168.07,Online,0
604,2.66,Online,0
511,59.9,Travel,0
42,142.11,Online,1
885,79.0,Retail,0
807,105.4,Utilities,0
926,72.71,Online,0
389,481.28,Online,1
81,5.62,Online,0
402,67.54,Dining,1
107,9.59,Dining,0
111,17.41,Dining,0
277,48.29,Travel,0
214,16.91,Dining,0
743,331.56,Retail,0
818,293.35,Travel,0
506,40.96,Retail,0
121,102.1,Retail,1
134,76.3,Travel,0
818,169.06,Online,0
720,98.74,Travel,0
962,0.03,Online,0
371,144.04,Retail,0
257,137.38,Travel,0
697,71.28,Retail,1
798,233.22,Retail,0
954,239.08,Dining,1
875,74.22,Dining,0
180,93.65,Retail,0
933,566.13,Travel,0
48,35.5,Online,0
599,39.25,Retail,0
897,20.18,Retail,1
19,226.21,Dining,0
46,136.45,Retail,0
451,11.17,Utilities,1
898,400.45,Dining,0
56,131.29,Travel,1
741,190.06,Travel,0
657,4.93,Dining,0
92,70.31,Retail,0
82,119.93,Utilities,0
737,78.3,Dining,0
79,109.86,Retail,0
662,170.31,Dining,0
873,46.89,Retail,1
283,188.83,Retail,0
311,17.78,Dining,0
997,31.59,Dining,1
160,4.43,Dining,1
316,45.32,Retail,0
877,47.79,Dining,1
979,163.61,Retail,0
668,105.88,Dining,0
156,57.4,Dining,0
888,105.59,Dining,0
714,5.42,Online,0
468,19.88,Online,0
921,98.6,Utilities,0
853,102.55,Utilities,1
462,148.78,Online,0
854,51.58,Utilities,1
117,128.21,Online,0
666,115.2,Online,1
364,330.75,Retail,0
843,24.22,Retail,1
631,80.22,Online,0
711,92.07,Travel,0
913,660.61,Online,0
466,22.46,Travel,0
775,74.07,Travel,0
184,42.49,Online,0
960,74.63,Utilities,0
660,26.41,Retail,0
166,4.88,Online,0
75,85.0,Online,0
748,40.93,Travel,0
826,20.08,Travel,0
272,39.15,Retail,0
691,5.05,Retail,0
503,300.46,Travel,0
795,87.02,Retail,1
563,168.61,Retail,0
587,55.01,Online,1
656,233.63,Dining,0
343,66.03,Dining,0
700,85.32,Retail,0
635,67.69,Online,1
844,132.15,Online,0
251,83.62,Dining,0
808,31.69,Utilities,0
835,15.73,Online,0
130,93.17,Online,0
764,67.17,Online,0
358,10.09,Retail,0
944,50.35,Retail,1
692,72.31,Retail,1
408,175.38,Retail,0
861,7.92,Retail,0
495,42.85,Online,0
622,172.97,Retail,0
482,104.53,Utilities,0
980,34.24,Dining,0
850,186.65,Retail,1
78,67.98,Travel,1
978,68.99,Retail,0
514,375.45,Utilities,0
321,293.97,Online,1
788,44.4,Retail,1
290,15.15,Utilities,0
297,39.4,Online,0
681,3.1,Retail,0
752,2.1,Dining,0
971,50.34,Dining,0
475,283.06,Retail,1
23,205.07,Online,0
806,71.63,Retail,0
172,83.29,Travel,0
835,0.6,Retail,0
318,24.27,Utilities,1
908,2.51,Online,0
798,140.46,Retail,1
991,15.74,Travel,0
855,203.29,Retail,0
193,103.09,Online,0
681,26.06,Retail,0
916,17.16,Online,0
118,98.79,Utilities,1
6,231.1,Dining,0
843,126.71,Retail,0
483,42.85,Travel,0
132,88.52,Travel,0
93,37.22,Dining,0
763,706.98,Dining,1
522,138.17,Dining,0
563,95.29,Travel,1
861,55.04,Online,0
294,96.27,Retail,0
641,41.8,Travel,0
1000,2.93,Online,0
392,50.27,Retail,0
249,266.62,Online,0
614,98.43,Online,0
849,8.77,Dining,0
595,216.28,Retail,0
703,31.32,Retail,0
417,27.94,Travel,0
143,35.25,Retail,1
237,86.09,Utilities,0
287,78.68,Dining,0
277,67.61,Retail,1
387,126.42,Utilities,0
382,38.06,Online,0
450,152.36,Retail,1
291,19.28,Travel,0
169,152.61,Retail,0
443,109.01,Utilities,0
656,114.95,Dining,0
184,65.69,Online,0
45,109.96,Travel,0
755,8.32,Online,0
827,190.75,Retail,0
946,5.71,Utilities,0
981,16.1,Utilities,0
268,85.99,Travel,0
476,134.48,Online,0
253,7.93,Online,0
396,253.53,Utilities,0
289,363.47,Travel,0
212,93.13,Travel,0
1000,65.63,Online,0
689,135.25,Online,0
21,39.8,Travel,1
316,67.98,Online,0
564,247.87,Retail,0
438,311.58,Online,0
423,261.82,Retail,0
233,30.44,Retail,0
945,26.46,Travel,0
123,35.33,Travel,0
874,58.22,Dining,0
960,37.71,Dining,1
612,46.87,Travel,1
214,96.93,Retail,0
922,143.77,Online,0
839,133.01,Travel,1
647,168.43,Dining,0
968,3.27,Dining,0
830,4.89,Utilities,0
730,155.77,Online,0
600,76.16,Retail,1
792,86.31,Online,0
40,5.4,Utilities,0
752,29.48,Travel,0
332,101.71,Utilities,1
943,196.03,Dining,0
648,248.87,Travel,0
182,69.4,Travel,1
265,78.85,Dining,0
771,179.01,Retail,0
694,77.14,Retail,0
533,72.74,Retail,0
863,235.48,Retail,0
432,156.03,Travel,0
943,239.77,Dining,0
984,24.62,Retail,0
196,74.31,Utilities,0
724,184.82,Retail,0
509,11.78,Travel,1
447,158.31,Retail,0
528,20.21,Retail,0
202,165.09,Retail,0
875,94.68,Dining,0
730,21.47,Online,0
605,64.12,Retail,0
133,114.54,Travel,0
139,100.47,Retail,0
669,55.73,Online,0
493,229.63,Online,0
847,73.24,Retail,0
70,70.5,Travel,0
816,6.43,Utilities,0
15,255.26,Travel,0
747,19.49,Dining,1
212,75.15,Travel,1
802,162.74,Dining,0
60,24.26,Utilities,0
252,74.94,Utilities,0
446,27.53,Online,0
2,142.58,Travel,0
748,83.09,Travel,0
336,193.78,Travel,0
19,224.96,Utilities,0
994,104.62,Online,1
561,129.24,Travel,0
78,79.68,Retail,0
472,48.52,Dining,0
28,104.45,Utilities,0
560,238.91,Dining,1
608,53.9,Retail,0
165,37.75,Retail,0
458,49.17,Travel,0
945,57.16,Utilities,0
877,7.64,Utilities,0
176,69.0,Utilities,0
585,68.18,Online,0
984,88.78,Dining,0
868,45.07,Dining,0
29,94.96,Dining,0
956,210.55,Online,0
669,311.16,Travel,0
826,87.61,Dining,0
816,4.35,Retail,0
279,348.14,Retail,0
283,122.37,Online,0
479,40.94,Utilities,0
519,15.92,Dining,0
305,15.48,Retail,0
694,18.36,Utilities,0
109,4.66,Online,1
324,232.44,Travel,0
206,77.82,Dining,0
234,120.38,Travel,1
938,176.09,Travel,1
458,156.8,Online,0
187,214.22,Retail,1
940,341.9,Retail,1
482,57.82,Retail,0
922,300.25,Travel,0
407,128.48,Retail,0
841,7.33,Retail,0
509,114.5,Retail,0
869,116.06,Retail,0
520,236.3,Travel,0
53,46.67,Retail,0
398,87.93,Dining,1
199,1.23,Dining,0
391,40.36,Retail,0
649,6.43,Dining,0
771,73.79,Utilities,0
846,170.07,Utilities,0
913,23.12,Retail,0
498,74.96,Online,0
172,22.82,Travel,1
86,12.86,Retail,0
558,71.54,Retail,1
858,8.25,Travel,0
186,88.52,Dining,0
156,3.18,Dining,0
493,11.28,Online,1
910,79.85,Retail,0
521,89.5,Travel,1
627,2.94,Travel,1
666,85.19,Travel,0
130,182.33,Utilities,0
843,128.13,Online,0
81,14.06,Utilities,0
384,89.77,Dining,0
802,111.55,Travel,0
659,3.79,Travel,0
295,193.34,Travel,0
978,236.73,Travel,0
269,190.01,Online,0
645,174.09,Travel,1
562,136.64,Retail,0
535,100.36,Online,0
378,113.52,Online,0
376,164.19,Travel,1
88,108.62,Dining,1
925,39.71,Retail,0
624,47.15,Dining,0
111,227.36,Retail,0
584,1.73,Retail,0
154,120.0,Dining,0
463,309.62,Travel,0
569,122.5,Online,0
769,510.14,Online,0
156,116.33,Retail,0
625,3.5,Online,0
318,175.45,Dining,0
559,33.5,Retail,0
238,59.07,Dining,0
334,37.41,Dining,0
106,31.27,Dining,0
482,56.46,Utilities,0
699,47.6,Dining,1
671,100.33,Utilities,1
710,167.75,Dining,0
382,35.25,Retail,0
689,24.04,Travel,0
261,109.93,Retail,1
799,110.96,Dining,0
293,231.4,Dining,0
335,1.61,Travel,0
655,191.76,Retail,1
820,73.61,Travel,0
709,97.1,Retail,0
476,9.58,Dining,0
225,56.67,Online,0
907,25.79,Utilities,0
555,29.33,Retail,0
454,70.14,Dining,0
663,167.37,Dining,0
296,136.17,Utilities,0
575,89.4,Dining,0
642,77.53,Retail,0
767,55.74,Travel,0
463,360.12,Dining,0
855,82.14,Online,0
214,29.3,Online,0
585,26.15,Retail,0
943,94.51,Utilities,0
616,73.99,Retail,1
158,0.77,Utilities,0
272,177.23,Online,0
827,121.78,Dining,0
238,108.42,Online,0
303,7.13,Retail,0
884,44.95,Retail,0
670,273.93,Retail,0
621,198.48,Retail,0
521,33.62,Dining,0
321,17.09,Retail,0
59,59.62,Online,0
358,43.98,Travel,0
704,114.64,Dining,0
648,339.43,Dining,0
251,45.1,Travel,0
891,6.42,Retail,0
436,227.9,Travel,1
146,3.87,Online,1
859,305.26,Dining,1
978,109.24,Retail,1
352,284.2,Online,0
570,22.27,Retail,0
689,4.16,Dining,0
800,66.98,Travel,0
245,59.9,Online,0
560,40.27,Utilities,0
301,316.19,Online,1
438,172.93,Travel,0
868,108.35,Retail,1
100,17.78,Online,0
725,132.55,Travel,0
814,129.83,Retail,0
480,55.35,Online,0
415,258.74,Retail,0
165,18.27,Retail,0
912,31.11,Utilities,0
942,6.53,Travel,0
638,158.69,Retail,0
302,97.22,Online,1
974,37.82,Online,0
121,17.89,Retail,0
88,4.1,Dining,0
217,18.24,Online,0
573,60.38,Retail,0
814,28.39,Travel,0
179,29.97,Retail,1
702,208.41,Online,0
163,72.39,Online,1
593,130.66,Retail,0
170,3.64,Online,0
301,45.44,Online,0
374,65.23,Travel,0
708,20.63,Dining,0
203,12.81,Retail,0
47,204.26,Utilities,0
463,280.4,Dining,0
670,8.21,Dining,0
408,42.93,Dining,0
194,317.69,Dining,0
427,8.68,Online,0
930,103.18,Dining,0
791,358.35,Utilities,0
317,382.69,Dining,0
479,63.72,Retail,1
421,17.76,Utilities,0
269,22.58,Dining,0
481,220.37,Dining,0
711,242.68,Utilities,0
736,93.62,Retail,1
263,145.32,Travel,0
426,134.68,Retail,0
166,108.42,Dining,0
692,175.61,Online,0
428,115.65,Utilities,0
704,76.36,Travel,1
397,27.04,Online,1
216,136.21,Utilities,0
796,64.14,Dining,0
864,34.93,Retail,0
107,161.92,Dining,0
978,119.31,Utilities,0
98,277.0,Utilities,0
880,18.09,Dining,0
482,104.75,Online,0
499,28.0,Retail,0
230,233.91,Retail,1
257,10.48,Utilities,0
43,106.76,Retail,1
242,156.58,Retail,0
554,43.84,Travel,0
95,308.21,Dining,0
946,190.2,Dining,0
766,34.9,Retail,0
188,0.76,Utilities,1
385,35.19,Utilities,0
819,33.03,Travel,0
400,220.7,Travel,0
506,341.49,Online,1
167,7.3,Dining,0
783,63.73,Travel,0
125,79.48,Travel,1
673,9.75,Travel,0
87,47.4,Retail,0
821,38.14,Travel,0
489,76.8,Dining,0
226,108.23,Online,1
657,121.57,Online,0
345,14.71,Travel,0
760,167.64,Online,1
874,113.49,Retail,0
518,219.89,Travel,1
31,59.66,Online,0
709,224.33,Dining,0
744,200.82,Travel,0
296,57.7,Dining,1
414,47.99,Utilities,0
837,270.03,Dining,1
972,125.58,Online,0
135,263.45,Utilities,0
525,159.44,Online,0
4,93.98,Dining,0
178,12.31,Retail,0
746,34.46,Travel,1
259,346.87,Dining,0
652,38.48,Online,0
65,9.79,Travel,1
795,122.95,Utilities,0
363,132.43,Retail,1
818,33.61,Online,0
717,35.34,Travel,0
17,63.28,Travel,0
200,2.2,Online,0
544,155.74,Retail,0
212,38.14,Retail,1
435,192.25,Dining,1
273,162.27,Dining,0
290,108.29,Online,1
803,39.29,Utilities,0
483,72.63,Retail,1
998,58.85,Dining,0
234,41.38,Dining,0
408,188.48,Utilities,0
694,66.07,Utilities,0
146,178.81,Online,0
562,11.12,Dining,0
430,15.2,Retail,0
432,378.63,Travel,0
615,88.62,Dining,1
545,71.29,Online,0
497,74.06,Dining,0
983,24.24,Online,0
89,126.83,Travel,0
997,8.86,Online,0
411,85.17,Retail,0
897,84.58,Retail,0
853,245.56,Retail,0
827,74.69,Online,0
241,14.74,Retail,1
778,85.04,Online,0
223,9.58,Retail,0
748,22.79,Travel,0
665,3.16,Utilities,0
468,72.01,Dining,0
569,8.83,Retail,0
322,63.37,Retail,0
375,270.22,Utilities,0
112,127.21,Travel,0
527,8.06,Dining,0
412,25.39,Travel,0
269,111.98,Travel,0
626,225.1,Retail,0
252,3.35,Dining,0
374,167.37,Online,0
654,82.51,Retail,0
626,78.99,Online,0
450,316.56,Online,0
802,137.69,Utilities,0
995,189.79,Retail,0
869,43.69,Travel,1
537,80.83,Online,0
368,95.56,Retail,0
822,38.8,Retail,0
255,84.45,Online,0
463,27.0,Travel,0
268,15.48,Travel,0
126,46.84,Travel,0
393,134.43,Online,0
762,247.92,Travel,0
799,61.2,Online,1
334,102.95,Dining,1
989,10.87,Dining,0
565,234.82,Travel,0
368,84.07,Retail,0
555,151.57,Dining,0
678,158.2,Travel,0
554,29.64,Utilities,0
892,75.33,Travel,0
456,323.09,Dining,1
688,9.39,Travel,1
67,114.9,Online,0
66,327.71,Travel,1
912,35.75,Retail,0
595,197.65,Online,0
862,271.29,Dining,0
617,137.47,Dining,0
400,26.31,Dining,0
287,40.65,Online,1
886,3.65,Travel,0
186,178.05,Retail,0
284,189.45,Online,0
516,100.16,Retail,0
650,43.47,Online,1
691,7.99,Retail,0
237,139.86,Travel,0
18,129.65,Retail,0
815,243.73,Dining,0
928,131.13,Dining,0
414,176.43,Retail,0
932,137.02,Travel,1
9,99.61,Utilities,1
420,55.68,Travel,1
29,232.4,Online,0
656,105.26,Utilities,1
348,50.81,Utilities,0
661,8.72,Online,1
576,34.35,Travel,1
879,78.47,Utilities,1
450,32.25,Online,1
380,25.0,Online,0
699,74.95,Retail,0
366,18.61,Utilities,0
227,161.15,Online,0
118,66.24,Online,0
412,85.3,Retail,0
951,15.94,Retail,0
356,39.24,Utilities,0
254,52.78,Dining,1
543,165.14,Travel,0
673,147.04,Online,0
727,25.23,Retail,0
444,95.76,Travel,1
681,27.9,Travel,0
81,444.37,Travel,0
46,303.91,Travel,1
49,82.84,Retail,0
449,120.03,Retail,0
810,161.66,Dining,0
407,127.65,Utilities,0
880,120.34,Dining,0
283,318.34,Retail,0
473,90.75,Retail,0
416,101.14,Online,0
979,189.23,Utilities,0
600,110.83,Travel,0
121,132.03,Retail,1
3,26.68,Dining,0
316,46.4,Online,1
460,15.93,Travel,0
227,70.47,Dining,0
79,60.83,Online,0
657,586.49,Utilities,0
754,94.47,Retail,0
544,154.39,Utilities,0
775,40.65,Travel,0
723,178.11,Online,0
71,95.47,Dining,1
896,119.4,Travel,1
197,34.88,Dining,0
58,79.55,Travel,0
424,100.52,Retail,0
469,88.94,Travel,0
624,246.74,Dining,0
48,228.55,Retail,1
435,353.99,Utilities,1
185,110.09,Retail,0
879,357.25,Travel,0
839,178.66,Retail,0
165,31.59,Dining,0
727,55.76,Travel,0
331,27.23,Travel,0
330,0.42,Retail,0
121,20.83,Retail,1
213,0.41,Online,0
823,127.24,Dining,0
507,55.43,Travel,1
553,37.48,Retail,0
865,143.43,Online,0
916,178.67,Retail,1
801,370.09,Utilities,1
168,102.73,Travel,0
995,61.9,Travel,0
546,36.42,Online,0
830,25.14,Online,0
996,23.94,Travel,0
987,52.63,Travel,0
787,480.2,Travel,1
427,0.09,Utilities,0
709,21.97,Dining,1
703,20.87,Retail,0
221,126.27,Retail,0
10,43.46,Retail,1
120,61.11,Retail,0
635,16.09,Retail,0
247,51.92,Dining,0
360,10.89,Retail,0
909,76.15,Travel,0
221,10.31,Dining,0
773,156.31,Retail,0
506,83.61,Retail,0
58,128.72,Retail,0
827,54.22,Retail,0
460,48.04,Online,0
128,10.34,Dining,0
699,74.2,Retail,0
717,72.26,Travel,1
86,63.13,Retail,0
104,134.91,Dining,0
143,178.68,Dining,0
205,138.95,Travel,0
641,15.53,Travel,0
758,97.3,Retail,0
38,8.37,Online,0
363,118.62,Online,0
621,48.1,Utilities,1
309,14.21,Retail,0
52,198.09,Online,0
1,95.19,Online,0
11,43.81,Utilities,1
826,3.12,Retail,0
747,77.07,Online,0
640,256.69,Retail,0
936,90.73,Dining,0
214,356.31,Travel,0
995,14.67,Online,0
956,84.0,Online,0
755,160.01,Travel,0
556,74.56,Dining,1
518,9.55,Retail,1
668,87.44,Travel,0
415,94.61,Travel,0
8,130.46,Retail,0
5,143.22,Online,0
362,147.3,Retail,0
694,108.9,Dining,0
112,24.31,Online,1
273,51.79,Utilities,0
422,149.67,Online,0
265,306.67,Retail,0
458,8.22,Online,0
212,76.69,Retail,1
78,37.47,Utilities,0
782,25.54,Online,1
666,70.48,Online,0
221,93.16,Retail,0
369,0.98,Dining,1
958,151.51,Online,0
347,171.41,Online,0
25,336.71,Retail,0
976,19.92,Utilities,0
420,90.28,Retail,0
354,55.62,Dining,0
720,40.77,Dining,0
417,83.39,Retail,0
515,152.5,Retail,1
215,2.33,Online,0
907,348.68,Travel,0
112,166.01,Retail,0
954,139.09,Online,0
704,142.87,Online,0
914,49.28,Dining,0
559,139.28,Retail,0
428,48.9,Retail,0
733,228.97,Online,0
699,19.51,Dining,0
562,34.58,Dining,0
709,80.15,Online,0
216,38.45,Travel,0
413,55.21,Retail,0
733,67.81,Utilities,0
380,194.04,Dining,0
602,74.06,Dining,1
232,45.01,Utilities,0
835,28.47,Utilities,0
258,52.54,Dining,0
665,72.51,Retail,0
256,137.09,Utilities,0
403,12.9,Dining,1
424,25.05,Travel,0
770,47.75,Dining,0
979,44.69,Travel,0
65,49.72,Online,1
190,157.76,Travel,0
603,39.18,Online,0
950,69.7,Online,1
173,97.79,Online,0
759,26.42,Online,0
768,126.83,Online,1
628,79.21,Travel,0
561,59.2,Retail,0
227,165.96,Online,1
581,27.9,Travel,1
934,214.71,Retail,0
388,82.34,Retail,0
401,93.95,Retail,0
638,207.99,Online,0
949,170.15,Online,0
213,92.02,Retail,1
53,139.91,Online,0
624,56.8,Retail,0
671,79.27,Online,0
752,6.41,Travel,1
662,9.42,Online,0
139,176.86,Travel,1
418,6.15,Travel,1
625,18.56,Online,1
143,158.88,Retail,1
882,0.11,Utilities,1
509,33.18,Dining,1
650,87.72,Travel,0
486,90.5,Dining,0
992,150.13,Retail,0
437,70.51,Dining,0
816,71.21,Utilities,0
543,129.21,Retail,0
293,69.04,Online,1
620,93.77,Travel,0
284,228.06,Dining,0
671,51.32,Retail,0
838,48.63,Travel,0
14,0.36,Utilities,0
634,95.04,Retail,1
727,3.02,Dining,0
272,70.15,Dining,0
25,163.08,Dining,0
935,79.83,Dining,0
322,31.42,Dining,1
806,154.26,Retail,0
681,31.43,Utilities,1
103,132.06,Online,0
866,94.23,Retail,0
883,18.63,Travel,1
40,235.53,Online,1
235,22.39,Utilities,0
832,456.47,Utilities,0
89,0.73,Online,0
100,30.58,Retail,0
144,22.3,Utilities,0
82,1.41,Online,0
589,131.81,Travel,0
571,118.23,Travel,0
229,157.19,Travel,0
603,29.67,Dining,1
866,58.76,Retail,0
395,107.62,Retail,0
513,57.94,Retail,0
781,119.51,Travel,0
798,100.5,Retail,0
197,12.18,Online,0
274,151.89,Retail,0
590,127.54,Utilities,0
653,106.66,Online,0
800,16.85,Utilities,0
583,31.2,Online,0
968,49.95,Retail,0
562,32.84,Travel,0
967,25.85,Retail,0
372,163.66,Utilities,0
881,101.68,Travel,0
80,83.35,Dining,0
235,25.61,Online,0
287,250.2,Utilities,0
819,21.22,Online,0
667,158.45,Dining,1
572,340.14,Travel,0
545,129.86,Dining,0
437,494.19,Retail,1
127,105.28,Online,0
733,24.52,Dining,0
712,22.79,Retail,0
417,39.24,Utilities,0
638,0.72,Travel,0
41,114.48,Online,0
787,31.29,Online,0
469,168.84,Online,0
297,44.5,Retail,0
597,65.38,Retail,0
601,337.23,Online,1
42,27.73,Online,0
632,127.75,Travel,1
279,140.7,Travel,0
459,24.97,Retail,0
33,69.51,Utilities,0
276,43.11,Retail,1
665,147.8,Retail,0
90,97.41,Dining,0
616,64.62,Retail,0
948,151.12,Utilities,0
524,26.81,Retail,0
160,140.09,Retail,0
929,200.53,Dining,1
458,210.88,Travel,1
708,153.1,Retail,1
399,52.43,Travel,0
819,400.68,Travel,0
774,47.74,Online,0
91,101.78,Retail,1
709,17.56,Utilities,0
581,393.47,Dining,0
466,121.73,Retail,1
220,139.99,Retail,0
419,6.8,Dining,0
379,144.15,Retail,0
726,149.04,Travel,0
930,111.4,Retail,1
447,34.52,Dining,0
964,67.27,Dining,0
146,11.7,Retail,0
233,63.79,Dining,0
371,27.95,Online,0
922,42.94,Retail,0
234,17.75,Online,0
726,26.14,Dining,0
367,7.97,Utilities,0
481,252.45,Retail,0
573,75.59,Utilities,0
363,50.54,Dining,0
590,76.58,Dining,0
511,98.96,Dining,1
95,254.95,Retail,0
842,19.69,Utilities,0
216,35.03,Dining,0
725,372.1,Retail,0
816,46.39,Retail,0
712,2.28,Retail,0
864,15.98,Dining,0
543,2.67,Dining,0
802,459.75,Travel,0
855,32.69,Travel,0
985,257.1,Dining,0
135,549.34,Dining,0
83,91.59,Retail,0
391,3.38,Retail,0
47,8.51,Retail,0
392,65.7,Utilities,0
718,52.12,Online,1
385,93.19,Utilities,0
381,57.78,Travel,0
77,271.93,Online,1
259,76.52,Dining,0
949,118.33,Travel,0
604,226.8,Retail,1
934,15.88,Online,0
947,26.1,Utilities,0
399,11.35,Retail,0
100,15.04,Retail,1
501,71.86,Dining,0
383,38.74,Utilities,0
707,55.02,Online,0
192,404.5,Retail,0
580,17.04,Travel,0
901,77.83,Travel,1
754,10.41,Online,0
602,38.35,Online,0
345,74.98,Dining,0
10,293.05,Retail,0
264,49.63,Utilities,0
268,6.71,Dining,0
832,49.13,Utilities,1
630,15.75,Dining,0
762,26.14,Online,0
571,96.26,Online,0
195,6.98,Travel,0
987,62.5,Utilities,0
562,94.02,Retail,0
407,54.79,Online,0
296,1.93,Utilities,0
890,423.49,Travel,0
97,45.75,Dining,0
462,150.77,Dining,1
639,39.4,Online,1
758,64.44,Online,0
87,49.18,Dining,0
991,41.94,Online,0
77,2.21,Travel,0
889,44.63,Retail,0
716,220.26,Travel,0
483,117.25,Dining,0
146,15.71,Retail,1
661,89.44,Dining,0
111,222.78,Travel,0
641,120.41,Online,0
765,16.1,Retail,0
678,202.37,Dining,0
297,35.89,Dining,0
426,60.53,Utilities,0
649,74.68,Online,0
791,190.05,Online,0
334,268.25,Utilities,0
523,265.43,Dining,0
583,0.8,Retail,1
671,254.96,Online,0
728,5.59,Online,0
538,30.89,Travel,0
798,72.36,Online,1
162,65.38,Online,0
430,92.81,Utilities,0
614,65.29,Utilities,1
69,272.38,Travel,1
133,27.52,Travel,1
189,32.02,Retail,0
723,253.5,Retail,1
755,7.98,Online,0
678,94.05,Travel,0
924,114.49,Dining,0
922,70.43,Dining,0
573,118.49,Online,0
874,18.97,Retail,0
279,191.48,Travel,1
430,15.09,Travel,0
625,51.22,Travel,0
542,7.82,Utilities,0
835,78.79,Online,1
988,110.79,Travel,0
161,283.4,Online,0
746,134.45,Travel,0
899,77.89,Online,1
453,269.74,Retail,0
889,65.09,Online,0
851,82.37,Travel,0
170,90.66,Retail,1
830,52.76,Retail,0
698,182.31,Travel,0
57,20.48,Online,0
240,80.93,Retail,1
769,128.1,Dining,0
358,234.32,Online,0
201,215.35,Dining,0
444,71.08,Online,0
837,103.05,Retail,0
827,50.13,Dining,0
302,63.14,Utilities,1
106,236.73,Dining,0
802,266.94,Dining,1
101,225.77,Online,0
97,14.89,Travel,1
665,189.77,Online,0
938,296.35,Utilities,0
29,44.82,Retail,0
506,73.12,Online,0
665,151.0,Retail,0
438,82.57,Travel,0
379,503.34,Online,0
73,60.83,Online,0
254,125.16,Online,0
963,157.31,Utilities,0
911,68.14,Travel,0
516,194.48,Dining,0
749,79.0,Travel,0
550,53.04,Travel,0
20,11.41,Travel,0
625,49.99,Online,0
535,132.4,Dining,0
421,254.19,Online,0
446,28.99,Online,0
879,43.89,Retail,0
136,16.72,Dining,0
505,117.35,Travel,0
933,322.36,Travel,0
760,102.43,Online,0
301,95.99,Dining,0
609,80.63,Online,0
33,9.26,Online,1
647,130.75,Dining,0
767,92.14,Online,0
278,108.32,Retail,0
133,229.08,Retail,0
750,153.23,Retail,0
527,151.83,Travel,1
789,261.98,Retail,0
126,459.87,Utilities,0
345,87.06,Dining,0
17,11.53,Dining,0
824,61.46,Retail,0
562,154.93,Travel,0
647,2.81,Travel,1
630,5.86,Dining,0
378,6.95,Travel,0
818,131.32,Dining,0
60,69.55,Dining,1
637,46.03,Online,0
467,11.16,Retail,0
628,131.77,Online,1
391,38.72,Dining,0
936,30.83,Dining,0
685,105.65,Travel,1
187,81.87,Travel,0
498,45.01,Retail,1
600,102.58,Utilities,1
715,31.64,Travel,1
361,158.39,Utilities,0
823,26.05,Travel,0
832,17.3,Retail,0
449,152.53,Dining,0
694,123.06,Retail,0
864,20.17,Utilities,0
680,12.36,Online,1
181,182.26,Online,1
812,149.88,Dining,0
959,39.64,Dining,0
130,107.35,Utilities,0
975,13.26,Retail,0
149,70.73,Online,0
472,1.89,Dining,1
818,49.69,Utilities,0
721,7.78,Online,0
623,64.46,Utilities,0
948,54.76,Dining,0
500,58.77,Retail,0
649,4.64,Dining,0
355,44.88,Online,1
916,141.26,Online,0
211,46.03,Retail,0
658,125.59,Dining,0
596,46.12,Retail,0
30,55.03,Online,0
1000,82.99,Retail,0
577,300.95,Dining,0
24,11.53,Retail,0
984,3.35,Travel,0
943,93.64,Utilities,0
723,297.78,Retail,0
222,457.79,Retail,0
602,66.2,Retail,0
618,63.13,Dining,0
684,103.55,Dining,0
742,81.11,Travel,0
925,100.54,Dining,0
589,207.15,Retail,0
580,137.16,Online,0
877,68.69,Online,0
401,61.96,Utilities,1
865,102.05,Utilities,0
901,60.83,Travel,0
604,61.21,Travel,0
512,1.64,Online,0
88,19.12,Retail,0
465,67.04,Travel,1
50,172.96,Retail,1
103,32.67,Travel,0
368,73.95,Dining,0
936,42.31,Retail,0
492,11.07,Retail,0
558,317.72,Online,0
691,192.88,Retail,0
779,8.17,Utilities,0
268,127.22,Retail,0
397,42.71,Dining,0
320,526.87,Travel,0
520,36.01,Retail,0
449,27.28,Travel,0
777,83.91,Dining,0
476,180.26,Online,0
898,21.38,Online,0
590,123.58,Retail,0
909,6.34,Retail,0
240,251.25,Travel,0
258,8.46,Retail,1
708,245.61,Travel,0
972,67.49,Utilities,0
944,59.44,Dining,0
842,362.34,Online,0
643,464.43,Dining,0
964,105.03,Online,0
390,13.6,Retail,0
343,70.56,Online,0
773,75.32,Online,0
754,72.25,Retail,0
387,84.28,Travel,0
394,1.89,Utilities,0
683,124.21,Online,1
659,124.62,Retail,0
270,12.27,Dining,0
149,84.45,Travel,1
380,84.02,Travel,0
811,114.71,Travel,0
28,8.93,Retail,0
149,98.48,Dining,0
420,32.95,Online,0
280,70.73,Online,0
182,148.42,Retail,0
166,122.3,Online,0
17,12.66,Retail,1
150,89.45,Travel,0
339,347.75,Utilities,0
45,17.05,Travel,0
502,191.67,Retail,0
842,121.25,Retail,0
189,148.72,Travel,0
651,33.12,Online,0
61,33.95,Utilities,1
294,236.47,Online,0
834,44.6,Online,0
33,6.51,Online,0
299,91.78,Online,0
415,13.33,Retail,1
624,159.26,Utilities,0
803,102.65,Travel,0
549,207.73,Utilities,0
431,153.64,Retail,0
495,11.89,Online,1
100,47.98,Online,1
23,148.97,Utilities,0
420,54.02,Online,0
424,358.87,Travel,0
487,133.08,Dining,0
730,1.56,Travel,0
89,212.01,Retail,0
209,10.63,Retail,0
271,15.14,Retail,0
933,132.61,Dining,0
749,200.22,Utilities,0
900,76.86,Utilities,0
406,34.12,Retail,0
721,43.28,Retail,0
278,41.99,Retail,1
977,39.55,Retail,0
206,27.83,Retail,0
590,93.87,Travel,0
913,230.66,Dining,0
328,36.68,Dining,0
610,20.66,Dining,0
858,182.37,Travel,0
877,135.4,Online,1
862,267.13,Online,0
982,18.09,Travel,0
336,15.58,Retail,0
606,77.96,Retail,0
592,95.3,Retail,0
38,65.43,Travel,0
920,91.37,Retail,0
228,19.89,Travel,1
483,65.32,Retail,0
134,107.32,Online,0
708,56.69,Retail,0
978,113.77,Dining,0
390,60.0,Retail,0
794,40.59,Retail,0
613,36.18,Online,0
987,52.92,Dining,1
425,2.34,Retail,0
587,110.42,Dining,1
806,186.5,Dining,1
510,43.79,Travel,0
720,4.71,Travel,0
595,432.57,Online,0
427,30.61,Retail,1
949,13.54,Travel,1
655,46.16,Travel,0
474,134.15,Online,0
568,34.8,Utilities,0
361,85.5,Online,1
952,53.71,Online,1
799,12.53,Utilities,0
211,40.09,Dining,0
953,129.05,Online,0
179,94.68,Utilities,0
920,12.76,Retail,1
58,17.83,Dining,0
73,102.37,Online,0
215,167.89,Utilities,0
900,43.0,Online,0
778,90.46,Online,0
959,18.71,Utilities,0
73,37.31,Dining,0
467,2.05,Retail,0
271,146.22,Retail,0
499,51.25,Dining,0
354,169.35,Travel,0
234,123.23,Travel,0
319,176.46,Travel,0
19,33.64,Utilities,0
625,20.47,Travel,1
575,357.22,Online,0
372,126.35,Utilities,0
184,179.6,Travel,0
277,1.32,Travel,1
674,43.77,Online,0
755,135.8,Online,0
145,8.12,Travel,0
658,83.78,Retail,0
81,56.05,Retail,1
322,1.78,Retail,1
435,26.92,Retail,0
833,33.52,Retail,0
43,11.86,Dining,0
313,99.84,Utilities,0
906,27.76,Dining,0
293,32.52,Utilities,0
688,228.51,Online,0
888,62.95,Online,1
69,49.78,Travel,0
56,128.69,Travel,0
631,240.37,Online,0
204,2.54,Utilities,1
420,59.46,Travel,1
927,94.36,Retail,0
567,38.36,Online,1
550,148.02,Retail,0
243,355.7,Retail,0
201,287.22,Online,0
748,30.92,Dining,0
474,25.66,Dining,0
527,315.8,Utilities,0
656,61.36,Dining,0
77,23.36,Dining,0
985,122.76,Retail,0
478,33.47,Travel,0
821,31.09,Online,0
440,211.4,Travel,0
263,17.73,Retail,0
185,6.66,Retail,1
55,31.36,Travel,1
308,93.38,Travel,0
516,13.13,Dining,0
299,63.79,Travel,0
552,98.71,Retail,0
230,188.87,Dining,0
377,26.12,Utilities,0
286,170.02,Retail,1
138,26.78,Dining,0
478,112.94,Dining,0
615,56.33,Online,1
7,12.18,Retail,0
676,125.27,Utilities,1
419,24.56,Dining,0
472,19.43,Online,0
935,44.37,Retail,0
420,105.93,Online,0
877,26.66,Online,0
276,20.29,Travel,0
561,1.0,Travel,0
608,63.8,Dining,1
571,55.97,Retail,1
743,26.64,Online,0
689,5.51,Retail,0
90,56.08,Retail,0
282,155.21,Dining,0
548,125.63,Retail,0
171,197.18,Utilities,1
638,0.96,Online,1
995,339.38,Dining,0
811,41.77,Online,0
355,464.58,Online,0
204,29.12,Retail,0
289,63.78,Online,0
868,43.68,Retail,0
462,43.97,Travel,0
609,184.69,Dining,0
750,137.21,Online,0
173,484.74,Retail,0
301,95.07,Retail,0
600,62.22,Dining,0
911,9.44,Travel,1
863,567.27,Online,1
529,80.19,Dining,0
140,120.56,Retail,0
766,52.21,Retail,0
278,79.34,Dining,0
663,285.73,Travel,0
511,18.2,Retail,1
346,34.58,Travel,1
846,16.49,Travel,0
140,157.13,Retail,0
114,6.41,Dining,0
580,8.52,Online,0
507,35.45,Dining,0
366,72.19,Online,0
691,52.13,Retail,1
637,4.59,Travel,0
397,315.81,Dining,0
825,305.48,Dining,0
823,32.76,Dining,1
850,131.5,Online,1
875,86.41,Dining,0
924,27.11,Retail,1
870,30.4,Dining,0
745,67.56,Online,0
940,54.34,Utilities,0
659,34.42,Dining,0
942,164.77,Dining,0
111,65.67,Dining,1
875,106.38,Online,0
358,20.98,Utilities,0
238,76.25,Online,0
3,38.27,Dining,0
723,74.74,Retail,0
404,151.79,Online,0
25,146.5,Online,0
843,43.73,Online,0
509,118.51,Retail,0
696,283.51,Dining,0
465,98.26,Retail,0
61,16.07,Online,0
508,113.85,Retail,0
123,11.08,Dining,0
497,205.66,Retail,0
55,72.7,Retail,0
163,48.64,Dining,1
974,5.87,Retail,0
699,47.93,Dining,0
39,233.52,Utilities,0
697,2.12,Utilities,1
83,64.37,Retail,0
707,267.59,Online,0
546,50.23,Travel,0
113,55.89,Utilities,0
425,86.41,Online,0
918,62.16,Retail,1
230,18.46,Travel,0
283,1.87,Travel,0
917,94.11,Online,0
937,253.59,Travel,0
287,11.25,Dining,1
155,23.69,Dining,0
165,46.24,Utilities,0
962,165.41,Utilities,0
182,31.37,Travel,0
239,213.75,Online,0
649,5.65,Online,0
339,282.95,Online,0
938,82.27,Retail,1
512,107.52,Travel,0
932,45.84,Travel,1
266,152.32,Travel,0
187,18.22,Retail,0
40,5.01,Travel,0
822,50.34,Dining,1
493,192.21,Travel,0
679,140.62,Dining,0
391,72.81,Retail,0
260,84.9,Online,0
655,13.91,Utilities,1
716,183.68,Dining,0
176,154.63,Online,1
774,106.85,Retail,1
764,62.77,Online,0
329,333.71,Retail,0
931,211.22,Travel,0
200,103.4,Travel,0
711,46.49,Dining,0
196,96.24,Travel,0
826,85.67,Dining,0
589,50.13,Travel,0
531,36.63,Online,1
62,52.26,Dining,0
327,85.31,Retail,0
906,55.89,Travel,0
281,30.59,Online,0
940,143.11,Travel,0
762,75.81,Dining,0
227,7.01,Dining,0
639,45.94,Travel,0
58,216.21,Retail,0
921,140.75,Travel,0
477,39.04,Retail,0
376,278.36,Retail,0
716,7.97,Retail,0
243,325.02,Travel,0
367,28.2,Travel,0
936,0.91,Utilities,0
844,56.88,Dining,0
500,44.47,Online,0
838,77.46,Retail,0
252,159.34,Retail,0
906,184.79,Online,0
322,51.29,Dining,0
376,56.18,Retail,0
409,16.04,Travel,1
711,4.87,Dining,0
488,102.5,Online,0
343,6.66,Retail,0
240,132.36,Dining,1
139,77.46,Online,0
122,22.14,Utilities,1
420,77.55,Online,1
561,20.21,Retail,0
304,57.76,Online,0
115,160.72,Online,1
343,61.97,Online,0
251,16.1,Online,0
7,128.67,Utilities,0
731,20.67,Retail,0
589,134.15,Retail,0
179,65.27,Online,0
145,60.47,Retail,0
416,190.67,Retail,1
666,123.31,Travel,0
121,3.35,Online,1
124,35.12,Retail,0
150,204.73,Dining,0
397,1.85,Retail,0
381,78.8,Retail,0
780,130.13,Travel,1
839,97.25,Retail,0
1,142.93,Online,1
673,129.35,Online,0
244,117.78,Online,0
887,172.34,Retail,0
398,103.76,Dining,0
251,51.49,Retail,0
879,63.85,Retail,0
576,126.13,Dining,0
299,208.99,Online,0
760,31.78,Retail,0
954,41.87,Retail,0
297,266.99,Utilities,1
977,86.4,Travel,0
964,19.72,Utilities,0
500,108.97,Utilities,0
115,468.44,Dining,0
807,173.42,Retail,0
1,136.94,Online,1
553,23.33,Retail,1
685,208.86,Retail,0
600,74.61,Online,0
482,220.08,Travel,0
610,40.02,Retail,1
600,6.41,Dining,0
763,64.62,Online,0
510,31.45,Retail,1
335,125.61,Retail,0
465,314.9,Retail,0
141,117.43,Travel,1
583,217.98,Online,1
137,60.34,Online,0
959,147.68,Dining,0
611,185.18,Retail,0
663,124.09,Retail,1
950,70.88,Retail,1
687,98.31,Retail,0
167,120.57,Retail,0
343,29.18,Travel,0
410,165.85,Retail,0
769,300.22,Online,0
910,62.59,Online,0
736,120.75,Dining,0
880,133.57,Retail,0
842,108.54,Online,1
65,79.21,Utilities,0
581,213.41,Retail,0
67,59.59,Online,0
433,6.3,Online,0
50,186.15,Dining,0
314,112.08,Travel,0
309,189.22,Travel,0
603,14.91,Dining,0
115,3.12,Travel,0
886,272.38,Utilities,0
569,15.98,Online,0
342,165.89,Retail,0
530,173.28,Dining,0
784,123.34,Dining,0
642,14.07,Retail,0
495,110.08,Travel,0
269,219.9,Utilities,0
941,55.43,Dining,1
80,53.36,Retail,0
456,58.49,Retail,0
299,8.59,Dining,0
968,222.59,Dining,0
822,203.4,Travel,0
202,617.03,Dining,0
503,87.99,Retail,1
737,139.11,Retail,0
671,22.65,Dining,0
716,110.12,Retail,0
649,104.91,Online,0
485,231.47,Retail,0
585,177.66,Dining,0
560,278.82,Travel,1
18,203.13,Travel,1
478,203.02,Online,0
992,6.58,Travel,0
488,187.06,Online,0
983,93.52,Dining,0
779,47.88,Dining,0
446,5.82,Online,0
340,113.22,Dining,1
531,39.78,Dining,0
612,63.07,Online,0
116,114.49,Utilities,0
858,242.79,Travel,0
74,174.55,Dining,0
792,59.89,Retail,0
269,49.07,Travel,0
637,27.41,Travel,1
116,46.59,Online,1
686,11.77,Dining,0
693,354.41,Online,0
738,85.31,Retail,0
669,13.67,Travel,1
164,43.51,Utilities,0
583,79.19,Retail,0
222,76.12,Retail,0
126,3.61,Travel,0
657,301.27,Online,0
176,32.21,Travel,0
973,1.63,Travel,0
664,7.95,Dining,0
694,86.8,Retail,0
375,14.83,Online,0
991,4.26,Retail,0
859,47.74,Travel,0
498,97.49,Dining,0
85,11.86,Online,0
876,37.59,Online,0
383,54.09,Online,0
633,17.37,Travel,0
641,70.54,Retail,1
463,8.91,Retail,0
451,4.76,Online,0
518,73.36,Online,1
846,28.49,Utilities,0
695,10.02,Retail,0
550,55.15,Dining,0
929,246.68,Dining,1
116,128.81,Online,0
614,169.07,Dining,0
8,205.51,Online,0
218,359.82,Travel,1
719,144.07,Retail,0
590,93.75,Retail,0
880,45.48,Retail,0
404,20.05,Travel,0
567,116.05,Retail,0
304,528.84,Travel,1
467,62.99,Dining,0
952,128.62,Online,0
993,68.34,Online,0
740,56.55,Retail,0
88,52.82,Retail,0
10,70.24,Retail,1
308,45.71,Utilities,0
434,138.14,Dining,0
802,207.36,Retail,0
164,214.46,Online,0
239,25.84,Travel,0
317,226.25,Online,0
996,41.79,Retail,0
656,37.01,Travel,0
335,129.74,Dining,0
18,36.34,Online,0
71,5.44,Online,0
175,46.78,Dining,0
854,127.82,Retail,1
800,39.59,Travel,0
811,99.31,Utilities,0
339,107.92,Dining,1
936,132.33,Online,0
248,227.43,Travel,0
193,56.66,Dining,0
419,18.2,Travel,0
325,38.41,Online,0
306,56.59,Online,0
780,125.14,Dining,0
204,1.32,Travel,0
853,37.95,Travel,0
123,151.34,Retail,0
570,111.13,Utilities,0
851,131.58,Travel,1
447,167.03,Online,0
713,152.89,Online,0
491,114.63,Online,1
433,57.92,Utilities,0
624,411.04,Dining,0
128,84.18,Online,1
548,22.66,Retail,1
746,34.65,Dining,0
822,118.27,Online,0
47,258.68,Retail,0
505,19.69,Online,1
115,8.59,Online,1
416,213.31,Online,0
767,246.84,Travel,0
995,32.35,Dining,1
223,47.37,Travel,0
636,107.94,Online,0
949,40.04,Travel,0
503,209.69,Dining,0
672,11.38,Travel,1
958,3.87,Retail,1
933,23.38,Retail,0
96,33.7,Retail,0
107,11.98,Dining,0
632,6.79,Online,0
613,140.9,Retail,0
615,17.95,Retail,0
678,245.25,Travel,0
926,45.89,Online,0
698,111.05,Retail,0
32,25.54,Retail,1
493,27.49,Retail,0
66,85.5,Travel,0
179,82.24,Retail,0
779,146.42,Travel,0
443,141.8,Online,0
916,111.07,Dining,0
549,59.63,Retail,1
201,221.31,Dining,0
870,97.44,Travel,0
49,462.52,Utilities,0
787,171.13,Retail,0
951,4.53,Online,0
680,38.65,Online,1
263,84.83,Retail,0
133,127.82,Utilities,0
810,79.93,Travel,0
344,154.24,Dining,1
176,33.22,Retail,0
391,20.32,Retail,0
11,5.54,Dining,0
201,85.17,Travel,0
945,116.67,Travel,0
926,39.47,Travel,0
809,95.08,Dining,0
3,5.36,Travel,0
214,10.46,Retail,0
808,120.98,Dining,0
307,45.9,Travel,0
980,111.27,Travel,0
544,178.21,Retail,0
560,191.48,Retail,0
327,18.89,Retail,0
764,66.61,Utilities,0
199,132.4,Travel,0
916,148.71,Retail,0
601,153.56,Retail,0
109,25.9,Retail,0
291,21.39,Dining,0
108,89.16,Retail,0
408,135.13,Travel,0
552,38.44,Travel,0
973,11.06,Online,0
52,126.14,Travel,0
112,35.62,Travel,1
295,18.2,Online,0
580,15.98,Travel,0
189,37.82,Online,0
844,89.82,Dining,1
721,44.38,Travel,0
65,2.09,Dining,0
574,10.19,Utilities,0
465,34.32,Dining,1
258,107.79,Utilities,1
646,10.37,Retail,0
634,82.25,Travel,0
331,12.77,Utilities,0
501,23.78,Travel,0
683,18.9,Utilities,0
210,6.96,Retail,1
808,111.27,Utilities,0
89,62.25,Travel,0
679,177.82,Retail,0
28,10.41,Online,0
238,15.63,Retail,0
336,36.59,Retail,0
63,145.19,Retail,0
960,36.49,Dining,0
767,52.5,Utilities,0
908,35.9,Retail,0
553,8.36,Travel,1
500,280.4,Retail,0
541,79.53,Online,0
791,155.04,Retail,0
469,107.4,Retail,0
592,72.21,Retail,0
51,9.4,Dining,0
112,102.93,Online,1
873,16.89,Dining,0
301,53.51,Retail,0
90,99.19,Dining,0
229,152.43,Online,0
150,115.53,Retail,0
755,111.33,Retail,0
138,16.14,Retail,0
135,42.48,Online,0
457,4.39,Dining,0
601,127.11,Dining,0
494,304.88,Retail,0
527,30.67,Travel,0
333,9.18,Utilities,0
362,64.54,Retail,0
174,194.28,Utilities,0
602,80.29,Dining,1
213,4.79,Retail,0
343,366.02,Travel,0
61,176.4,Utilities,1
876,14.11,Travel,0
732,254.85,Online,0
61,59.91,Retail,0
819,46.51,Dining,0
678,61.81,Online,0
524,179.92,Utilities,0
216,107.73,Travel,0
589,6.11,Dining,0
744,316.07,Retail,0
624,15.99,Retail,0
578,136.87,Retail,0
694,101.1,Retail,0
423,20.77,Retail,1
716,18.72,Travel,0
423,204.27,Utilities,0
371,54.42,Dining,1
206,106.3,Travel,1
286,70.13,Utilities,0
105,129.96,Retail,0
754,65.25,Travel,0
747,33.88,Dining,0
688,45.16,Retail,0
723,195.95,Online,0
543,63.12,Retail,0
747,24.01,Retail,0
242,272.73,Retail,0
491,159.26,Utilities,0
665,5.73,Dining,0
708,685.23,Dining,0
498,118.72,Dining,0
435,17.47,Retail,0
781,27.07,Dining,0
484,117.91,Travel,1
447,151.3,Retail,0
384,27.32,Dining,0
510,29.7,Retail,1
170,36.69,Retail,0
950,91.13,Online,1
869,18.85,Dining,0
323,11.01,Dining,0
848,113.59,Travel,0
474,151.0,Travel,1
232,69.5,Dining,1
696,45.23,Online,0
359,56.57,Dining,0
275,49.17,Utilities,0
942,321.85,Utilities,0
911,146.14,Travel,0
32,23.33,Online,0
177,48.48,Dining,0
917,78.53,Dining,0
65,94.93,Retail,0
710,63.15,Dining,0
27,166.14,Utilities,0
663,145.93,Online,1
815,70.35,Online,0
479,192.71,Retail,0
268,139.07,Travel,0
597,150.77,Retail,1
66,313.27,Travel,0
133,30.99,Dining,0
905,31.15,Travel,1
916,219.78,Dining,0
366,147.94,Travel,0
82,261.11,Retail,0
893,6.52,Retail,1
831,98.82,Online,0
982,15.62,Retail,0
328,70.1,Retail,0
98,16.93,Online,0
585,13.71,Utilities,1
327,1.22,Online,0
542,99.49,Retail,0
125,44.48,Retail,1
210,11.11,Utilities,0
987,38.98,Online,0
784,18.51,Dining,0
725,284.21,Retail,0
133,38.57,Retail,0
503,40.64,Retail,0
157,183.17,Dining,0
559,104.34,Retail,0
869,123.85,Utilities,0
875,101.06,Retail,0
382,292.24,Online,0
22,23.19,Retail,0
974,451.34,Dining,0
953,177.76,Retail,1
595,88.91,Online,1
419,108.58,Dining,0
472,104.65,Retail,1
234,6.02,Online,1
572,24.59,Dining,0
454,325.63,Utilities,0
700,76.44,Utilities,1
570,47.54,Utilities,0
771,143.56,Retail,0
162,74.34,Retail,0
301,1.33,Utilities,0
306,133.27,Travel,0
2,131.76,Retail,0
271,18.05,Online,0
421,313.87,Retail,0
143,25.35,Online,1
700,61.2,Online,0
864,12.19,Online,0
853,92.45,Retail,0
960,47.07,Travel,0
977,43.57,Travel,1
994,175.43,Travel,0
736,0.96,Retail,0
879,159.92,Travel,0
692,84.73,Dining,0
535,427.58,Dining,0
867,89.02,Online,0
37,5.7,Dining,0
107,5.2,Retail,0
297,214.69,Dining,1
741,184.02,Online,0
825,42.45,Travel,0
97,96.24,Dining,1
281,67.25,Retail,1
110,341.62,Travel,0
549,299.5,Utilities,1
552,412.52,Utilities,0
597,201.33,Dining,0
814,240.3,Online,0
188,24.5,Online,0
752,177.79,Utilities,0
870,123.39,Travel,0
488,329.11,Dining,0
354,84.69,Travel,1
19,8.9,Retail,0
859,90.98,Travel,0
393,116.02,Online,0
837,24.89,Online,0
261,50.11,Online,0
985,91.26,Retail,0
410,46.86,Dining,0
403,46.99,Retail,0
670,14.28,Retail,0
484,282.59,Utilities,0
304,138.83,Travel,0
624,0.12,Online,0
656,145.08,Retail,1
768,134.63,Travel,0
967,0.98,Dining,1
18,46.14,Retail,0
184,93.33,Travel,0
405,60.29,Retail,0
799,150.5,Dining,0
897,55.42,Utilities,1
131,16.71,Online,1
479,374.72,Utilities,0
793,27.71,Online,0
757,126.48,Online,1
8,15.45,Dining,0
705,39.9,Dining,1
318,58.34,Travel,1
391,21.35,Online,0
519,59.78,Retail,0
136,17.1,Retail,0
531,81.87,Utilities,0
913,108.98,Retail,0
651,6.45,Utilities,0
367,204.9,Online,0
489,20.47,Travel,1
689,25.54,Dining,0
11,108.28,Online,0
998,63.25,Retail,0
553,69.19,Online,0
446,13.71,Online,0
114,163.85,Retail,0
692,95.99,Retail,0
706,14.55,Retail,0
196,46.84,Retail,1
860,166.29,Retail,0
737,84.02,Online,0
843,11.5,Travel,1
323,46.65,Online,1
936,27.8,Retail,0
773,72.87,Travel,0
512,185.38,Dining,0
628,57.32,Online,0
981,56.8,Dining,0
662,235.76,Travel,0
630,85.85,Online,0
165,83.52,Travel,0
252,30.37,Retail,0
779,93.58,Travel,0
44,85.78,Online,0
470,50.56,Retail,0
489,467.73,Dining,1
181,213.61,Dining,0
77,138.46,Utilities,0
374,77.08,Retail,0
628,62.0,Retail,0
957,20.44,Travel,0
67,36.49,Travel,0
525,148.7,Online,0
92,60.47,Dining,0
758,213.94,Online,1
779,16.01,Online,0
651,71.0,Utilities,0
853,104.12,Travel,0
244,72.74,Utilities,0
341,220.03,Retail,0
903,456.24,Online,0
785,12.31,Dining,0
304,13.92,Online,0
398,13.96,Travel,0
703,114.31,Online,0
448,46.63,Utilities,0
97,132.17,Online,0
331,52.0,Online,1
205,98.78,Retail,0
449,146.91,Retail,0
418,79.46,Utilities,0
649,77.55,Dining,0
77,9.24,Dining,0
896,52.9,Travel,0
549,78.92,Retail,0
798,61.99,Travel,0
425,231.04,Travel,1
429,237.01,Retail,0
485,172.55,Retail,0
815,47.05,Dining,0
135,126.34,Dining,0
654,50.3,Retail,0
254,26.47,Dining,0
560,41.99,Utilities,0
255,7.36,Travel,0
646,40.31,Online,0
802,61.76,Utilities,0
720,311.18,Retail,0
499,37.6,Retail,0
613,232.74,Travel,0
484,25.99,Dining,0
46,21.19,Travel,0
443,73.19,Travel,0
582,111.63,Dining,0
648,4.53,Retail,0
792,24.98,Utilities,0
579,60.82,Retail,1
4,40.2,Utilities,0
736,124.7,Retail,0
1,71.57,Retail,0
290,17.48,Retail,0
109,224.87,Utilities,0
777,34.66,Retail,0
575,131.35,Dining,0
460,151.37,Online,0
266,330.11,Dining,0
138,69.02,Travel,1
434,95.67,Utilities,0
44,40.78,Online,0
886,113.38,Travel,0
510,62.25,Dining,1
944,57.56,Utilities,0
983,193.43,Utilities,0
262,5.15,Travel,1
728,213.68,Online,1
633,191.1,Travel,0
152,70.6,Travel,0
213,67.37,Retail,0
234,44.91,Retail,0
863,514.54,Dining,0
623,11.78,Dining,0
954,89.21,Retail,0
361,114.47,Travel,0
320,272.31,Travel,0
222,151.51,Utilities,0
952,103.24,Online,0
738,12.42,Travel,0
210,46.8,Utilities,0
396,14.95,Travel,0
931,213.04,Dining,1
583,138.48,Utilities,1
489,141.69,Travel,0
872,105.63,Dining,0
601,70.73,Retail,0
774,16.25,Retail,0
961,40.0,Dining,0
878,14.72,Utilities,0
464,129.07,Travel,0
700,17.46,Utilities,0
624,121.1,Utilities,1
452,117.85,Retail,0
413,61.49,Travel,1
934,14.53,Dining,0
751,37.8,Dining,0
476,38.58,Retail,0
256,120.53,Utilities,0
150,12.07,Online,1
127,176.65,Travel,1
392,143.13,Dining,0
831,20.62,Retail,0
480,127.0,Travel,0
993,110.42,Utilities,0
397,137.88,Online,0
923,20.94,Travel,0
402,17.15,Dining,1
274,26.98,Dining,0
845,45.55,Travel,0
982,157.83,Retail,1
958,133.91,Dining,0
910,259.63,Dining,0
139,6.04,Retail,0
103,1.16,Retail,0
242,120.11,Retail,1
117,32.75,Travel,1
214,40.66,Dining,0
484,79.14,Retail,0
529,10.8,Retail,0
691,102.92,Online,0
224,39.33,Retail,1
270,100.16,Travel,1
825,179.58,Utilities,0
861,18.77,Dining,0
134,267.18,Online,0
114,75.65,Travel,0
441,256.3,Retail,0
644,23.29,Dining,1
651,92.78,Dining,0
365,51.73,Retail,1
232,148.82,Travel,0
458,93.12,Utilities,0
375,68.22,Retail,0
604,244.17,Travel,1
779,47.34,Travel,0
611,24.84,Online,0
207,93.68,Online,0
520,97.82,Online,0
468,57.82,Travel,1
882,66.67,Retail,0
443,320.78,Travel,1
917,131.93,Dining,0
321,11.72,Online,0
93,23.84,Utilities,0
408,371.22,Travel,1
158,129.63,Dining,0
872,246.56,Dining,0
99,36.22,Retail,0
225,135.43,Travel,0
852,125.18,Dining,0
441,34.91,Utilities,0
720,80.03,Travel,1
585,98.73,Utilities,0
991,65.61,Dining,0
401,175.55,Retail,1
571,178.9,Retail,0
799,190.11,Retail,0
64,162.67,Travel,1
768,66.96,Retail,1
560,48.04,Travel,0
279,178.01,Utilities,0
710,67.37,Dining,0
670,28.29,Online,1
823,70.79,Retail,0
519,15.3,Travel,0
248,117.65,Retail,0
368,40.94,Online,0
744,30.2,Retail,0
618,313.52,Travel,0
971,150.0,Dining,0
98,154.68,Dining,1
268,97.74,Online,0
60,182.74,Retail,0
500,142.36,Travel,1
308,91.32,Online,0
493,324.74,Dining,0
411,21.27,Travel,1
140,287.14,Retail,0
909,51.32,Online,1
328,75.16,Utilities,0
464,13.1,Dining,0
702,77.68,Online,0
637,94.47,Dining,0
925,607.55,Retail,1
163,369.66,Retail,0
60,339.31,Dining,0
925,42.83,Travel,0
31,474.06,Online,0
333,60.78,Dining,0
76,190.94,Utilities,0
755,24.38,Dining,1
317,70.49,Travel,0
770,338.18,Retail,0
417,293.81,Travel,0
968,115.12,Online,1
190,159.86,Retail,0
489,19.41,Utilities,0
889,127.89,Utilities,0
315,96.25,Dining,0
296,9.6,Travel,0
501,12.01,Retail,0
177,11.48,Retail,0
800,128.86,Retail,0
806,15.28,Travel,0
860,63.06,Retail,0
719,44.16,Online,0
215,79.96,Travel,0
856,122.58,Retail,0
653,115.43,Dining,0
597,72.47,Utilities,0
694,62.42,Dining,0
332,50.72,Travel,0
128,197.98,Online,0
269,40.17,Online,1
551,30.02,Online,1
535,135.99,Retail,1
754,44.59,Online,0
366,187.73,Travel,0
619,39.73,Utilities,1
348,121.05,Retail,0
142,4.62,Utilities,0
145,48.7,Utilities,0
792,42.04,Retail,0
245,169.65,Utilities,1
442,341.29,Retail,0
703,61.78,Retail,0
290,174.2,Travel,1
691,120.3,Utilities,0
112,342.3,Travel,0
214,166.66,Dining,0
650,8.06,Dining,0
886,124.93,Utilities,0
200,76.68,Online,0
405,1.66,Retail,1
421,28.94,Travel,0
7,254.79,Retail,0
858,260.45,Dining,0
525,160.37,Retail,0
592,400.52,Retail,0
286,164.27,Online,1
671,1.03,Travel,0
389,33.94,Dining,0
416,3.11,Travel,0
784,9.88,Retail,0
713,24.7,Travel,0
150,70.03,Travel,0
960,188.08,Online,0
428,198.03,Travel,0
808,95.76,Travel,0
293,263.35,Online,0
334,69.33,Online,0
272,219.85,Online,0
43,60.53,Utilities,0
468,32.47,Online,1
319,248.19,Travel,0
492,49.09,Online,0
527,70.0,Dining,0
760,39.88,Retail,0
172,108.72,Travel,0
730,530.46,Retail,1
649,2.58,Retail,0
321,230.11,Retail,0
739,0.39,Retail,0
44,45.29,Online,0
532,18.47,Utilities,0
631,141.61,Dining,0
454,5.19,Online,0
746,80.63,Retail,0
970,34.95,Utilities,1
880,14.35,Dining,0
891,147.76,Retail,0
929,24.52,Retail,0
848,25.32,Travel,0
868,32.17,Retail,0
774,88.37,Travel,0
83,107.78,Retail,0
543,1.78,Retail,0
322,27.69,Retail,0
786,56.38,Utilities,1
234,40.34,Retail,0
540,215.56,Retail,0
252,154.98,Dining,0
836,98.32,Online,0
765,41.26,Travel,0
449,120.62,Online,0
239,185.56,Travel,0
490,90.34,Retail,1
882,153.46,Travel,0
464,138.27,Dining,0
941,84.8,Travel,0
314,37.42,Dining,0
175,136.96,Retail,1
706,23.17,Online,0
180,151.18,Travel,0
932,163.24,Travel,1
385,172.68,Dining,1
295,64.04,Dining,0
215,21.38,Retail,1
986,10.51,Online,0
715,136.01,Online,0
762,217.39,Retail,0
874,105.22,Utilities,0
769,15.57,Dining,0
75,273.18,Travel,1
344,451.92,Retail,0
714,56.81,Dining,1
142,90.34,Retail,0
718,150.16,Travel,0
199,133.33,Travel,0
919,343.54,Online,0
171,12.2,Retail,0
406,86.92,Online,0
828,117.74,Travel,0
228,220.82,Travel,1
411,207.23,Online,0
952,381.67,Dining,0
898,71.76,Travel,0
935,177.64,Travel,0
691,55.74,Travel,0
878,54.87,Dining,0
787,29.22,Travel,1
62,170.51,Online,0
327,425.56,Dining,0
716,29.62,Retail,1
963,5.78,Travel,1
959,169.03,Retail,1
879,96.82,Travel,0
133,321.14,Dining,0
584,29.07,Dining,0
590,7.37,Online,1
189,67.81,Retail,1
356,8.93,Utilities,0
71,30.35,Travel,0
263,13.46,Travel,0
306,25.38,Dining,0
558,11.22,Online,0
224,307.71,Travel,0
328,32.65,Online,1
762,58.68,Online,0
588,228.88,Online,0
74,113.11,Retail,0
511,96.24,Online,0
142,122.27,Online,0
585,176.51,Dining,1
102,210.1,Online,0
606,102.9,Utilities,0
581,220.73,Travel,0
65,76.66,Retail,0
193,32.47,Travel,0
953,212.09,Retail,0
62,77.97,Retail,0
532,236.59,Dining,0
241,4.1,Travel,0
715,50.67,Dining,1
410,295.28,Online,0
300,28.72,Travel,0
195,283.93,Utilities,0
454,307.7,Retail,0
574,213.83,Online,0
619,82.94,Online,1
637,104.11,Travel,0
301,203.73,Retail,0
779,149.56,Travel,1
456,99.45,Online,0
989,403.19,Online,0
202,115.73,Travel,0
674,370.83,Dining,0
856,5.91,Retail,0
302,14.96,Travel,0
624,60.05,Utilities,0
337,48.59,Retail,0
32,152.66,Utilities,0
971,17.51,Online,0
98,373.37,Utilities,0
984,37.84,Retail,0
759,56.02,Retail,0
773,32.12,Retail,0
191,86.6,Online,0
541,6.04,Dining,0
48,16.21,Retail,0
250,136.96,Online,0
226,20.64,Retail,0
272,26.86,Retail,0
665,157.5,Travel,1
485,9.79,Retail,1
328,57.53,Retail,1
797,2.33,Travel,1
180,42.59,Online,0
814,120.06,Online,0
665,9.44,Travel,0
746,219.22,Online,0
23,240.24,Dining,0
930,11.09,Travel,0
963,468.12,Online,0
606,35.32,Dining,0
370,8.78,Dining,0
245,0.51,Dining,0
802,52.51,Dining,0
160,99.37,Travel,1
373,40.37,Online,1
285,181.23,Retail,0
521,126.09,Online,0
450,43.1,Travel,1
697,132.54,Retail,0
807,282.16,Dining,1
647,9.77,Travel,0
622,36.54,Online,0
581,62.24,Travel,0
136,68.91,Dining,0
96,78.13,Travel,0
119,35.76,Retail,0
374,110.04,Travel,0
274,103.59,Dining,0
870,86.23,Dining,0
878,12.08,Dining,0
850,64.81,Utilities,0
177,44.04,Dining,0
873,67.54,Utilities,0
749,254.93,Retail,0
784,65.49,Retail,0
277,1.41,Travel,0
138,57.77,Retail,0
874,171.84,Dining,1
132,151.44,Dining,1
44,72.03,Dining,0
123,28.74,Online,0
136,62.57,Utilities,0
367,82.94,Online,0
373,895.91,Retail,0
126,103.33,Travel,1
439,118.5,Retail,0
787,67.62,Retail,0
576,43.77,Dining,0
808,167.64,Dining,0
744,68.31,Retail,0
51,523.82,Online,0
137,61.09,Online,0
158,7.04,Retail,0
56,114.75,Travel,0
593,4.78,Online,0
744,28.84,Dining,0
428,43.66,Travel,0
443,134.51,Retail,0
911,68.17,Retail,0
964,2.91,Retail,1
326,95.93,Online,0
640,53.01,Retail,0
638,254.89,Retail,0
829,69.23,Retail,0
80,123.43,Online,0
474,24.7,Retail,0
377,143.12,Travel,0
869,127.64,Dining,0
919,234.43,Travel,0
333,3.44,Retail,0
175,59.33,Retail,0
657,113.68,Online,0
441,10.0,Utilities,0
126,52.87,Travel,0
694,284.98,Retail,0
219,57.26,Retail,0
948,422.71,Online,0
278,5.85,Dining,0
485,126.52,Online,0
595,86.99,Dining,0
935,69.42,Utilities,1
995,353.52,Online,0
141,13.89,Online,0
846,226.34,Travel,0
607,117.52,Travel,0
877,29.97,Dining,0
706,231.94,Dining,0
110,56.09,Dining,1
52,168.32,Retail,0
615,49.24,Dining,0
613,190.33,Travel,0
654,101.23,Dining,0
713,15.2,Retail,0
970,104.89,Travel,0
319,21.24,Retail,1
199,53.09,Online,0
796,18.67,Travel,0
729,2.23,Retail,0
46,23.81,Retail,1
505,76.87,Dining,0
540,65.69,Retail,1
514,69.61,Utilities,0
895,28.46,Dining,0
17,115.57,Retail,0
315,121.83,Dining,1
436,44.31,Retail,0
388,213.01,Online,0
77,103.29,Travel,0
978,124.84,Utilities,0
899,32.48,Dining,0
371,0.06,Online,1
165,200.53,Retail,0
609,172.84,Travel,0
617,13.15,Online,0
24,46.86,Dining,0
712,108.28,Retail,0
35,105.59,Travel,1
514,196.86,Retail,1
801,15.11,Dining,0
844,56.2,Travel,0
854,10.23,Travel,0
461,49.36,Retail,0
138,1.52,Travel,1
849,228.55,Retail,0
574,74.88,Utilities,0
811,189.58,Retail,0
709,6.18,Utilities,0
889,25.81,Travel,0
571,30.03,Travel,1
265,48.89,Retail,0
333,162.39,Dining,1
188,48.87,Dining,0
63,22.9,Travel,0
820,6.72,Retail,0
279,8.28,Utilities,0
542,142.73,Utilities,0
171,58.84,Travel,0
503,129.53,Dining,0
964,114.66,Travel,0
533,14.54,Travel,0
299,15.42,Retail,0
201,140.79,Travel,1
135,127.75,Online,1
272,47.49,Retail,0
535,8.06,Dining,0
442,1.22,Online,0
87,33.99,Retail,0
31,0.93,Retail,0
121,26.15,Online,0
69,54.39,Retail,0
646,12.94,Retail,0
883,11.01,Travel,0
961,226.76,Travel,0
827,88.06,Online,0
496,272.5,Dining,0
924,42.44,Travel,0
146,113.06,Dining,0
984,22.9,Utilities,1
333,96.32,Retail,0
481,13.88,Retail,0
906,0.21,Utilities,0
263,268.14,Utilities,0
293,80.94,Retail,0
992,261.65,Retail,0
429,40.62,Travel,0
86,39.72,Retail,0
16,51.19,Dining,0
728,122.43,Retail,0
628,83.43,Retail,0
118,259.5,Travel,0
270,2.58,Utilities,0
395,123.17,Travel,0
979,40.1,Travel,0
855,19.87,Utilities,0
162,71.42,Dining,1
700,70.33,Travel,0
104,14.74,Travel,0
653,22.55,Retail,0
167,52.45,Dining,0
300,52.56,Travel,0
28,38.21,Retail,0
424,16.08,Retail,0
784,0.44,Travel,0
562,351.44,Dining,0
883,287.35,Retail,1
156,66.1,Retail,0
324,530.87,Utilities,0
348,111.98,Dining,0
121,7.13,Retail,0
956,12.52,Dining,0
652,247.83,Retail,1
528,99.44,Online,0
821,185.27,Online,0
950,228.54,Dining,0
561,59.41,Online,0
164,4.97,Retail,0
62,20.86,Online,0
340,6.89,Retail,0
666,20.92,Travel,1
312,52.85,Utilities,0
376,12.58,Dining,1
346,18.24,Utilities,0
150,59.03,Retail,0
888,41.58,Travel,0
585,63.05,Retail,0
581,56.07,Dining,0
977,103.42,Retail,0
177,276.76,Retail,0
354,11.41,Retail,0
514,10.45,Online,0
309,191.6,Retail,1
119,70.6,Online,0
519,145.42,Retail,0
767,24.26,Retail,1
996,176.53,Travel,0
973,257.5,Utilities,0
916,100.92,Retail,0
478,11.19,Retail,1
414,225.66,Online,0
587,157.26,Travel,0
351,138.98,Online,0
506,3.74,Retail,1
195,160.43,Travel,1
187,14.84,Retail,0
450,25.15,Travel,1
496,86.07,Online,0
515,30.79,Online,0
696,108.28,Dining,1
847,93.67,Utilities,0
273,11.45,Retail,0
880,106.72,Retail,0
52,257.64,Dining,0
263,17.57,Dining,1
368,90.9,Retail,1
133,41.83,Dining,0
994,61.55,Travel,1
225,33.83,Online,0
310,43.72,Online,0
573,2.93,Dining,0
877,399.28,Retail,0
16,98.03,Dining,0
741,69.46,Online,0
195,48.4,Retail,0
763,77.52,Travel,0
443,47.82,Utilities,0
303,44.61,Retail,0
48,62.35,Retail,0
747,32.29,Retail,0
121,19.85,Dining,0
499,81.33,Utilities,0
832,185.0,Dining,0
562,16.59,Travel,1
469,3.33,Dining,0
41,28.34,Dining,0
456,389.82,Dining,1
534,176.47,Retail,0
371,90.6,Dining,1
182,264.86,Travel,0
517,58.93,Retail,0
657,409.12,Dining,0
869,35.14,Utilities,0
590,27.48,Travel,1
231,101.62,Utilities,1
809,47.51,Retail,1
348,98.45,Online,1
479,36.38,Retail,1
209,96.21,Retail,0
675,32.26,Dining,1
680,5.23,Dining,0
278,243.2,Online,0
749,214.73,Dining,0
688,353.35,Dining,1
53,126.06,Utilities,0
861,114.8,Travel,1
10,81.87,Retail,0
658,13.46,Retail,0
739,20.98,Travel,1
748,34.17,Online,0
464,220.87,Retail,1
754,18.99,Retail,0
817,256.23,Retail,0
583,73.98,Dining,1
158,125.73,Retail,0
19,11.68,Retail,0
55,31.34,Dining,0
956,318.25,Online,0
727,30.95,Travel,0
968,35.17,Dining,0
721,22.01,Retail,1
21,13.82,Utilities,0
282,26.56,Travel,0
761,102.81,Utilities,1
540,60.76,Utilities,1
935,80.69,Online,0
417,13.05,Retail,0
808,162.01,Dining,0
723,153.29,Retail,0
285,2.18,Online,0
532,48.37,Online,0
532,7.12,Utilities,0
511,157.07,Dining,0
842,133.66,Dining,0
396,232.27,Dining,0
120,26.97,Travel,0
97,60.94,Travel,1
120,20.39,Dining,0
537,46.4,Utilities,0
153,73.87,Dining,0
245,5.48,Online,0
772,125.48,Online,0
516,78.37,Dining,0
393,176.59,Travel,0
143,31.72,Dining,1
504,233.64,Travel,0
794,664.1,Retail,0
847,251.7,Travel,0
858,150.46,Utilities,0
220,167.33,Retail,0
839,85.27,Dining,0
160,21.09,Online,0
76,113.02,Dining,0
611,124.74,Dining,0
692,422.57,Online,0
639,77.94,Travel,0
32,31.66,Retail,1
777,115.1,Utilities,0
334,388.13,Travel,0
525,19.51,Dining,1
440,39.45,Dining,0
892,78.06,Retail,0
940,18.66,Utilities,0
993,2.25,Online,0
352,41.1,Retail,1
339,200.52,Utilities,0
926,4.44,Online,0
400,56.02,Travel,0
396,143.63,Dining,0
202,306.15,Retail,0
962,423.19,Dining,0
530,54.81,Retail,0
909,300.34,Dining,0
93,3.61,Dining,0
792,137.01,Online,1
358,102.93,Online,1
396,28.7,Retail,1
828,70.79,Online,0
60,13.87,Dining,0
477,205.26,Dining,0
726,44.3,Retail,0
612,98.36,Online,0
1,17.29,Utilities,0
555,23.09,Online,0
311,482.29,Utilities,0
168,139.87,Travel,0
192,326.94,Online,0
34,35.08,Travel,0
34,17.98,Retail,0
688,69.93,Dining,0
417,68.25,Dining,0
708,19.23,Retail,0
998,132.13,Retail,0
158,44.91,Retail,0
757,20.62,Travel,0
500,40.34,Retail,0
366,82.93,Retail,1
340,129.63,Travel,0
858,65.76,Utilities,0
335,74.57,Online,0
583,14.96,Travel,0
327,246.15,Utilities,0
114,264.12,Dining,0
797,115.02,Travel,0
919,1.78,Travel,0
418,77.02,Travel,0
468,99.21,Retail,0
143,523.14,Travel,0
609,553.83,Dining,1
309,194.92,Dining,0
401,6.6,Online,0
320,306.35,Travel,0
212,94.85,Online,0
317,161.39,Dining,0
185,52.29,Utilities,1
205,38.52,Travel,0
364,62.22,Utilities,0
216,15.88,Online,1
246,44.17,Dining,1
239,194.92,Dining,0
805,3.87,Retail,0
391,16.36,Utilities,0
520,13.37,Retail,0
983,51.6,Dining,1
590,580.48,Travel,0
836,19.04,Travel,0
277,15.72,Dining,0
957,246.58,Utilities,0
202,213.75,Travel,0
214,3.28,Utilities,1
606,139.31,Dining,0
478,106.56,Retail,0
508,145.99,Retail,0
976,68.22,Online,0
75,475.36,Retail,0
982,4.48,Travel,0
669,26.71,Retail,0
665,50.51,Travel,0
954,59.74,Online,0
142,254.3,Travel,0
590,82.1,Retail,0
322,4.62,Retail,0
694,52.4,Travel,0
461,53.87,Retail,0
707,336.65,Dining,0
670,91.43,Dining,1
146,100.96,Retail,0
54,124.92,Travel,0
356,146.98,Travel,0
277,100.8,Travel,1
821,27.08,Dining,0
595,207.18,Travel,0
400,131.72,Travel,0
668,135.43,Online,0
516,567.13,Retail,0
499,162.22,Dining,1
311,176.7,Dining,1
271,302.42,Travel,0
576,16.39,Online,0
449,68.86,Dining,0
112,86.89,Travel,0
239,39.94,Dining,0
144,182.89,Online,0
374,143.72,Utilities,0
20,127.61,Dining,0
576,586.02,Online,0
289,30.03,Retail,0
593,132.98,Dining,0
197,80.16,Retail,0
382,37.54,Retail,0
581,17.51,Dining,0
698,226.22,Online,1
679,90.5,Travel,0
717,174.26,Dining,0
492,78.82,Travel,0
164,24.84,Travel,0
606,41.18,Retail,0
249,48.05,Travel,0
68,360.95,Travel,0
855,0.56,Dining,0
21,424.51,Retail,0
831,393.54,Retail,0
512,555.99,Dining,0
597,64.74,Dining,0
390,331.89,Travel,0
536,50.35,Retail,0
111,2.66,Travel,1
949,25.41,Online,0
863,290.58,Online,0
595,1.39,Online,0
870,78.96,Retail,0
460,7.86,Dining,1
78,33.74,Retail,0
434,9.22,Travel,0
380,196.28,Retail,0
652,89.42,Online,0
440,232.39,Dining,0
888,116.59,Dining,0
783,354.15,Dining,0
339,71.31,Retail,0
988,101.81,Travel,0
424,85.88,Dining,1
169,66.22,Dining,0
709,187.05,Online,0
965,103.43,Retail,1
262,161.6,Online,0
727,154.35,Travel,0
579,21.2,Dining,0
229,105.03,Travel,0
161,22.27,Utilities,0
427,87.54,Retail,0
122,113.14,Dining,0
149,589.07,Dining,0
852,3.1,Retail,0
705,9.57,Retail,0
743,8.02,Online,0
111,50.81,Retail,0
657,172.37,Retail,0
221,185.83,Utilities,1
904,133.55,Online,0
64,227.18,Retail,0
638,38.99,Dining,0
730,9.23,Dining,0
796,5.99,Online,0
354,191.14,Online,0
474,131.1,Online,0
909,119.94,Retail,1
748,41.5,Dining,0
485,47.79,Retail,0
13,317.28,Retail,0
934,6.59,Online,0
153,148.6,Retail,0
239,37.05,Dining,0
190,3.98,Online,1
663,135.7,Travel,0
86,40.18,Retail,0
21,128.07,Online,0
694,122.98,Utilities,0
319,76.53,Online,0
158,150.23,Dining,0
971,87.0,Retail,0
964,33.78,Retail,0
481,132.47,Dining,1
879,88.95,Retail,0
76,1.28,Online,0
329,231.92,Travel,1
416,78.89,Dining,1
203,202.97,Online,0
229,214.33,Online,0
152,58.87,Dining,0
775,70.86,Utilities,0
72,53.74,Utilities,0
225,59.68,Utilities,1
473,225.52,Online,0
897,155.18,Online,0
643,13.53,Dining,0
360,94.24,Retail,1
540,549.84,Retail,0
811,90.52,Retail,0
609,154.12,Retail,0
46,146.56,Travel,0
1,43.13,Retail,0
678,46.5,Utilities,0
245,128.76,Online,0
219,69.31,Retail,0
614,84.53,Retail,1
291,124.79,Online,1
458,150.32,Online,0
204,31.68,Utilities,0
202,15.88,Utilities,0
566,34.5,Utilities,1
482,70.83,Travel,0
792,41.88,Retail,0
511,84.02,Online,0
924,5.49,Retail,0
278,71.28,Online,0
16,45.88,Dining,0
525,76.5,Online,0
356,54.91,Retail,0
356,33.44,Dining,0
830,234.45,Dining,1
939,20.43,Utilities,0
599,114.37,Retail,0
78,258.55,Utilities,0
928,77.36,Online,1
67,209.08,Online,0
859,13.34,Online,0
723,68.08,Dining,0
214,61.07,Retail,1
697,0.82,Retail,0
449,58.57,Online,0
965,46.05,Online,0
433,110.81,Retail,0
545,278.6,Dining,0
115,8.97,Travel,1
787,39.67,Retail,0
420,58.71,Dining,1
499,60.73,Retail,0
710,149.08,Retail,1
380,58.59,Travel,0
143,2.75,Dining,0
740,123.82,Retail,0
632,216.13,Travel,0
865,72.14,Retail,0
24,87.01,Retail,0
539,17.79,Retail,0
945,24.93,Retail,0
75,26.81,Retail,0
753,56.34,Online,0
535,263.31,Travel,1
673,73.77,Retail,1
41,21.33,Retail,0
750,30.94,Retail,0
751,48.45,Online,0
568,97.62,Travel,0
413,57.99,Retail,0
415,49.83,Travel,0
449,83.18,Dining,0
610,27.69,Retail,0
658,8.22,Dining,0
978,2.47,Travel,1
774,28.94,Retail,0
436,9.61,Dining,0
552,41.0,Online,0
705,148.25,Dining,0
239,125.98,Travel,0
42,94.4,Dining,0
734,191.39,Travel,0
708,33.14,Online,0
800,216.33,Dining,0
10,50.96,Retail,0
747,51.23,Dining,0
837,51.98,Dining,0
265,10.32,Travel,0
581,370.87,Online,0
445,14.91,Online,0
139,41.69,Retail,0
867,38.46,Utilities,0
731,7.76,Travel,1
196,16.52,Online,1
74,4.59,Online,0
615,34.59,Dining,0
225,201.48,Travel,0
635,41.47,Utilities,0
102,13.2,Retail,0
264,103.76,Retail,0
945,568.42,Travel,0
920,26.44,Online,0
999,32.79,Utilities,0
161,357.01,Retail,0
233,19.7,Online,1
491,71.58,Retail,0
787,27.4,Utilities,0
770,269.34,Dining,1
311,399.11,Retail,0
651,168.58,Retail,0
227,37.8,Retail,0
273,51.67,Retail,0
938,27.75,Online,0
317,221.42,Retail,0
899,245.99,Utilities,0
86,54.28,Dining,0
291,106.87,Dining,0
469,18.1,Retail,1
729,57.08,Online,0
871,99.83,Dining,0
578,48.68,Online,0
769,44.25,Utilities,0
647,0.1,Retail,0
404,163.11,Retail,0
427,220.13,Online,1
375,348.88,Online,1
902,127.04,Dining,0
567,79.58,Travel,0
868,31.37,Dining,0
755,726.37,Travel,1
252,89.1,Retail,1
533,114.3,Travel,0
307,114.7,Retail,0
430,186.6,Travel,0
675,0.97,Utilities,0
868,24.88,Online,1
264,109.52,Utilities,0
68,225.52,Online,0
107,115.63,Travel,0
400,53.36,Online,1
579,44.87,Utilities,0
199,133.92,Utilities,0
192,135.18,Dining,0
514,93.41,Retail,1
769,34.46,Retail,0
442,259.23,Retail,1
1,80.27,Utilities,1
358,156.3,Travel,0
115,24.12,Online,0
903,42.17,Travel,0
600,207.61,Dining,0
197,5.14,Retail,0
981,71.81,Retail,0
604,65.72,Travel,0
274,139.12,Dining,0
856,33.11,Retail,0
160,24.73,Online,0
173,260.55,Travel,0
545,84.8,Online,0
458,11.06,Retail,1
585,21.45,Dining,0
433,674.74,Retail,0
929,21.77,Online,0
481,94.28,Travel,0
455,54.49,Dining,0
196,216.8,Utilities,0
796,140.72,Retail,1
599,90.87,Retail,0
309,1.08,Online,0
736,211.86,Dining,0
556,58.82,Retail,1
848,268.21,Travel,0
494,68.43,Retail,1
439,118.49,Retail,0
650,7.18,Travel,0
782,136.71,Online,1
359,41.25,Travel,0
36,43.29,Dining,0
34,12.63,Online,0
88,15.88,Travel,0
658,20.55,Online,1
16,39.78,Online,1
745,222.53,Retail,0
421,45.93,Travel,0
553,128.87,Utilities,0
767,8.64,Utilities,0
793,89.43,Retail,0
126,65.76,Retail,0
8,381.48,Retail,1
472,187.22,Travel,0
468,60.67,Travel,0
880,149.23,Dining,0
862,21.45,Online,0
852,82.63,Travel,1
510,7.75,Online,0
402,42.78,Retail,0
836,25.6,Retail,0
176,126.91,Dining,1
740,67.35,Retail,0
966,139.06,Travel,0
835,72.42,Online,0
914,9.05,Retail,0
367,132.94,Online,1
488,179.11,Travel,0
18,233.85,Retail,0
56,84.86,Dining,0
919,140.07,Online,1
35,139.45,Travel,0
902,16.93,Dining,1
630,17.94,Utilities,0
794,7.35,Online,1
766,38.55,Retail,1
725,64.15,Online,0
573,616.48,Dining,0
600,56.39,Online,0
783,129.55,Travel,0
347,118.22,Retail,0
32,22.88,Dining,0
908,6.03,Travel,0
133,78.97,Dining,0
576,120.5,Online,0
199,634.92,Online,1
256,44.41,Travel,1
342,226.69,Travel,0
667,48.12,Dining,0
975,116.93,Dining,0
231,91.19,Utilities,0
301,5.44,Dining,0
547,8.16,Retail,0
26,2.1,Dining,0
535,46.34,Dining,0
653,136.96,Dining,0
474,18.97,Dining,0
387,93.1,Retail,0
285,34.08,Retail,0
450,159.45,Travel,0
320,160.15,Travel,0
156,149.35,Retail,0
471,74.41,Online,1
420,33.49,Travel,0
113,165.78,Utilities,0
902,20.59,Retail,0
651,34.22,Retail,0
422,20.33,Travel,0
886,112.15,Retail,1
930,115.91,Utilities,0
721,105.7,Retail,1
835,53.72,Travel,1
876,10.56,Utilities,0
942,242.1,Travel,0
994,70.87,Retail,0
598,52.25,Travel,0
285,88.87,Travel,1
572,21.42,Retail,0
54,14.22,Travel,0
605,52.01,Online,0
325,25.78,Online,0
970,28.01,Retail,0
458,223.04,Retail,1
885,75.66,Retail,0
265,66.06,Dining,1
382,116.95,Travel,0
213,302.72,Online,0
333,11.9,Online,0
10,179.3,Retail,0
358,87.71,Dining,0
203,15.8,Retail,1
708,35.26,Retail,0
58,65.85,Retail,0
494,117.5,Retail,0
510,27.79,Dining,0
768,76.55,Dining,0
223,115.41,Retail,0
369,59.56,Utilities,1
692,198.8,Travel,0
418,203.61,Retail,0
874,63.62,Retail,0
547,360.92,Dining,0
871,7.86,Utilities,0
103,0.34,Dining,1
161,47.91,Utilities,1
200,91.9,Travel,0
160,99.21,Travel,0
695,64.71,Dining,0
865,13.34,Dining,1
136,18.69,Travel,1
942,191.15,Online,0
398,202.43,Retail,0
738,112.05,Travel,1
392,109.13,Dining,0
755,91.05,Dining,1
106,22.68,Retail,0
583,55.91,Travel,0
589,119.04,Travel,0
54,77.06,Dining,0
277,1.88,Online,1
111,306.95,Online,0
224,186.31,Travel,0
75,30.18,Utilities,0
506,95.83,Online,0
14,256.71,Retail,0
971,10.09,Retail,0
770,69.92,Travel,0
482,60.93,Travel,0
189,52.8,Online,1
364,180.54,Online,0
239,47.91,Online,0
401,6.58,Retail,1
846,6.81,Dining,0
985,4.37,Retail,0
304,52.62,Retail,0
91,126.73,Dining,0
392,22.78,Retail,0
184,103.98,Dining,1
17,116.18,Dining,0
965,29.46,Online,1
12,91.77,Retail,0
166,115.48,Online,0
146,62.85,Utilities,0
282,41.06,Online,0
991,96.54,Online,1
549,380.98,Dining,0
582,55.66,Travel,1
169,49.71,Online,0
847,62.41,Online,0
170,7.93,Dining,1
765,80.56,Online,0
346,39.85,Travel,0
499,12.95,Retail,0
460,62.78,Dining,1
297,0.34,Retail,0
943,51.38,Travel,1
142,11.18,Retail,1
897,2.46,Travel,0
785,174.0,Online,0
737,247.99,Dining,0
695,23.28,Retail,0
733,77.5,Travel,0
53,32.57,Retail,0
118,68.04,Travel,0
365,57.38,Travel,0
671,31.34,Utilities,1
958,120.53,Retail,1
136,13.52,Dining,0
414,5.45,Online,0
77,145.96,Utilities,0
848,109.64,Retail,0
962,69.02,Dining,1
557,63.07,Retail,0
18,68.8,Travel,0
867,57.45,Retail,0
941,49.9,Online,0
403,69.25,Retail,0
205,75.19,Dining,0
499,117.73,Dining,0
324,124.2,Utilities,0
595,47.42,Dining,0
562,53.37,Retail,0
281,46.79,Retail,1
166,76.9,Retail,0
243,60.4,Online,0
889,220.36,Dining,1
479,119.19,Dining,1
164,228.92,Retail,0
324,123.49,Online,0
568,354.02,Dining,1
551,100.99,Utilities,0
831,331.18,Dining,1
640,17.22,Travel,0
903,5.39,Travel,1
634,86.54,Retail,0
759,410.4,Online,0
698,54.06,Online,0
208,23.83,Retail,1
315,73.72,Retail,0
304,104.64,Retail,0
901,37.86,Utilities,0
239,125.45,Retail,1
727,369.35,Travel,0
804,227.27,Retail,0
224,34.47,Travel,0
88,39.56,Online,1
537,46.45,Online,0
429,50.18,Retail,0
220,10.57,Dining,0
275,143.53,Travel,0
647,45.47,Utilities,0
954,211.88,Retail,0
745,261.65,Retail,0
977,2.47,Dining,0
66,446.57,Retail,0
592,123.8,Retail,0
423,73.48,Dining,1
255,49.35,Online,0
125,73.09,Travel,0
146,39.25,Dining,0
615,97.47,Dining,0
385,9.76,Dining,0
447,97.05,Dining,1
387,32.21,Dining,0
383,1.78,Retail,0
277,80.45,Retail,0
382,86.38,Travel,0
124,55.61,Travel,0
926,7.5,Online,1
267,223.81,Travel,0
790,94.53,Retail,0
111,12.3,Retail,1
381,71.53,Retail,0
825,68.77,Online,0
601,6.23,Travel,0
899,93.36,Online,1
158,165.2,Travel,0
728,138.23,Online,1
896,22.69,Utilities,0
813,198.26,Dining,0
548,41.94,Online,0
599,292.82,Dining,0
118,7.45,Utilities,0
328,66.59,Online,0
960,90.91,Utilities,0
694,28.46,Dining,0
68,147.57,Online,1
434,98.59,Dining,1
359,1.83,Retail,0
671,93.74,Travel,1
797,67.62,Online,0
443,21.82,Retail,0
164,546.04,Dining,0
973,227.46,Travel,1
361,34.6,Travel,0
585,77.89,Online,0
119,38.05,Online,0
853,149.39,Dining,0
195,266.4,Retail,0
601,44.45,Travel,0
857,163.78,Travel,0
588,69.0,Travel,1
733,50.51,Retail,0
651,278.74,Dining,0
884,71.42,Travel,0
907,63.0,Dining,0
241,111.61,Travel,0
509,30.28,Travel,0
666,39.27,Retail,0
565,268.89,Utilities,0
142,113.49,Dining,0
832,175.24,Retail,0
976,31.62,Dining,1
906,78.48,Online,0
31,355.42,Online,0
223,38.38,Online,0
804,17.49,Retail,0
266,71.52,Dining,0
282,49.07,Online,0
788,17.39,Dining,1
381,219.42,Online,0
556,468.03,Retail,0
62,84.07,Retail,0
713,149.02,Online,0
847,195.93,Dining,0
521,120.73,Retail,0
71,4.52,Travel,0
602,17.15,Online,0
536,7.36,Retail,0
140,0.99,Retail,0
316,36.53,Retail,0
340,49.82,Utilities,0
888,27.58,Utilities,0
590,6.68,Dining,0
726,75.47,Dining,0
528,31.93,Travel,0
541,158.98,Retail,0
416,0.81,Online,0
467,184.85,Retail,0
375,309.56,Travel,0
291,125.93,Dining,0
43,132.29,Retail,0
864,271.15,Dining,0
887,23.45,Dining,0
53,521.5,Online,0
788,148.49,Retail,1
883,129.67,Retail,1
232,44.8,Dining,0
212,78.92,Utilities,0
8,106.11,Retail,0
634,96.85,Utilities,0
483,122.07,Online,0
42,8.6,Online,0
333,43.95,Retail,0
233,56.92,Travel,0
70,30.2,Retail,0
879,18.95,Travel,1
16,14.96,Utilities,0
69,45.63,Retail,0
53,68.01,Dining,0
685,6.5,Retail,0
947,292.73,Online,0
994,144.92,Retail,1
774,131.25,Retail,0
379,18.98,Travel,1
801,92.58,Online,0
463,75.44,Retail,0
527,404.38,Retail,0
782,137.7,Retail,0
679,85.75,Utilities,0
63,190.26,Dining,0
261,16.85,Online,1
500,1.53,Dining,0
121,117.19,Retail,0
858,10.35,Dining,0
240,12.27,Retail,0
465,136.52,Travel,0
107,31.54,Dining,0
180,99.06,Dining,0
16,249.38,Retail,0
355,38.05,Retail,1
934,24.48,Online,0
309,11.27,Online,0
727,13.98,Retail,0
589,6.42,Retail,0
737,9.17,Online,1
605,56.56,Online,0
181,38.69,Utilities,0
174,122.61,Retail,0
354,204.21,Travel,0
354,153.61,Retail,0
219,75.64,Dining,0
655,10.81,Retail,0
315,123.71,Retail,0
434,45.07,Retail,0
905,8.95,Dining,0
282,184.81,Travel,0
259,41.28,Dining,0
868,24.62,Online,0
559,205.15,Online,0
5,232.42,Travel,0
574,41.4,Utilities,0
980,43.82,Travel,0
596,86.66,Retail,0
645,132.22,Utilities,1
394,6.52,Retail,0
336,89.98,Dining,0
63,305.38,Travel,0
793,30.39,Dining,1
44,239.5,Dining,0
153,299.91,Retail,1
926,31.36,Dining,0
782,140.32,Online,1
854,27.28,Retail,1
683,133.79,Travel,0
156,159.66,Retail,0
478,28.4,Online,0
275,125.83,Online,1
358,167.19,Online,1
426,44.41,Retail,0
532,18.36,Retail,0
483,9.65,Retail,1
214,85.66,Retail,0
79,382.12,Dining,1
139,173.13,Utilities,1
950,57.24,Travel,1
98,76.92,Utilities,0
889,32.78,Retail,0
664,17.8,Utilities,0
198,65.79,Retail,1
785,62.27,Utilities,0
156,73.8,Retail,0
50,305.35,Utilities,0
479,92.61,Retail,0
228,93.08,Travel,1
951,13.7,Travel,0
457,565.18,Travel,0
522,148.21,Dining,0
149,209.72,Utilities,1
58,53.49,Dining,0
162,69.74,Online,0
863,73.83,Retail,0
477,21.58,Dining,0
107,116.95,Travel,0
427,233.28,Online,0
395,17.88,Travel,0
801,9.03,Dining,0
186,134.02,Retail,0
558,31.91,Retail,1
957,97.78,Travel,0
446,118.99,Travel,0
641,38.85,Retail,0
917,168.82,Retail,1
830,79.85,Online,0
448,203.26,Retail,1
87,144.09,Online,0
249,202.93,Retail,0
841,2.04,Retail,0
440,27.91,Dining,0
257,9.43,Dining,0
277,58.35,Travel,0
790,220.69,Dining,0
438,63.02,Retail,0
516,189.52,Dining,1
577,39.63,Dining,0
947,41.49,Travel,0
202,225.92,Online,0
575,55.48,Online,0
655,155.95,Travel,0
756,27.0,Online,0
804,297.2,Utilities,0
797,85.47,Dining,0
180,142.43,Retail,0
686,9.38,Utilities,0
325,67.86,Retail,0
925,231.3,Retail,0
623,209.59,Travel,1
687,4.79,Online,0
475,36.2,Utilities,0
665,58.58,Dining,0
976,18.91,Utilities,0
400,130.93,Retail,0
868,20.4,Retail,0
217,42.56,Dining,1
809,108.85,Utilities,0
961,65.8,Dining,0
453,134.16,Retail,0
404,324.95,Retail,1
965,12.39,Retail,0
932,123.64,Travel,0
989,26.18,Retail,0
240,53.52,Utilities,0
738,3.34,Dining,1
186,14.61,Dining,1
48,38.53,Retail,0
978,41.85,Retail,0
386,229.84,Dining,1
208,135.41,Online,0
157,358.21,Dining,0
225,91.4,Online,0
144,27.67,Online,0
419,39.7,Retail,1
111,38.54,Retail,0
830,39.53,Dining,0
875,111.77,Travel,0
874,75.67,Retail,0
465,48.68,Travel,0
132,16.14,Travel,0
625,2.24,Utilities,0
836,24.7,Retail,0
947,11.37,Retail,0
601,153.92,Dining,0
673,11.93,Dining,0
334,128.82,Dining,1
920,48.72,Utilities,0
75,7.62,Online,1
793,167.52,Dining,0
412,86.66,Retail,1
519,26.89,Travel,0
625,225.08,Dining,0
36,4.63,Online,0
778,22.54,Utilities,0
625,139.45,Dining,0
804,123.57,Dining,0
223,34.15,Retail,0
723,6.4,Retail,0
530,195.25,Retail,0
241,37.64,Retail,0
134,21.78,Travel,0
732,72.58,Travel,0
391,241.05,Dining,1
102,4.45,Dining,0
652,145.16,Dining,1
681,84.97,Travel,0
498,55.42,Retail,1
511,136.29,Utilities,0
703,337.62,Retail,0
994,26.03,Utilities,1
537,15.51,Travel,0
977,244.05,Dining,0
949,110.55,Retail,1
545,57.62,Retail,0
343,85.16,Travel,0
841,136.89,Online,0
6,148.29,Retail,0
958,252.44,Dining,1
194,55.66,Retail,0
742,34.73,Travel,0
137,102.07,Utilities,0
835,53.74,Online,0
912,90.29,Dining,1
473,54.47,Retail,0
216,16.6,Retail,0
349,63.38,Utilities,0
876,117.41,Retail,1
183,160.59,Online,0
168,67.99,Travel,0
794,18.06,Utilities,0
38,53.56,Travel,0
675,154.32,Travel,0
471,53.25,Dining,0
452,119.25,Utilities,1
955,70.77,Utilities,1
490,27.6,Online,0
142,159.04,Online,0
760,8.8,Dining,0
943,74.42,Online,0
103,23.43,Online,0
711,6.94,Travel,0
712,69.9,Dining,1
42,69.23,Dining,0
947,122.72,Dining,0
147,136.55,Online,0
66,130.12,Travel,0
943,52.69,Retail,0
193,99.88,Travel,1
298,86.03,Retail,1
38,54.74,Travel,0
502,90.93,Utilities,0
653,294.22,Dining,1
618,21.43,Online,0
428,236.2,Retail,0
664,5.49,Utilities,0
352,36.87,Dining,0
926,33.99,Retail,0
326,98.45,Dining,0
38,14.07,Utilities,0
97,214.0,Retail,0
108,176.35,Dining,0
631,105.57,Utilities,0
151,61.33,Retail,0
74,270.24,Dining,0
57,177.64,Travel,0
878,69.18,Travel,0
335,121.02,Dining,0
252,83.69,Retail,0
919,88.66,Online,0
804,40.19,Retail,0
825,62.01,Travel,0
767,8.13,Dining,0
254,44.22,Travel,0
385,119.02,Travel,0
456,306.22,Online,0
259,329.86,Utilities,0
782,81.13,Online,0
465,93.3,Dining,1
34,20.55,Online,1
495,118.85,Utilities,0
326,7.33,Travel,0
837,33.5,Retail,1
238,110.37,Retail,0
691,37.15,Travel,0
616,5.11,Utilities,0
541,178.3,Dining,1
739,37.15,Dining,0
466,6.52,Retail,1
744,7.77,Retail,0
304,29.0,Travel,1
862,19.6,Utilities,1
847,148.85,Travel,1
117,38.81,Online,0
207,163.32,Retail,1
912,19.1,Dining,1
697,67.9,Dining,0
481,116.49,Online,0
650,105.55,Retail,0
403,91.91,Retail,0
997,258.79,Retail,0
835,25.95,Utilities,0
676,68.07,Retail,0
900,215.41,Retail,0
587,8.11,Dining,0
233,5.75,Dining,0
929,26.57,Online,1
284,100.25,Utilities,0
480,30.09,Dining,1
889,21.1,Utilities,0
767,61.4,Online,0
976,95.09,Retail,0
9,28.58,Utilities,0
715,35.77,Dining,0
902,95.08,Travel,0
379,291.39,Dining,0
817,112.31,Travel,1
603,152.74,Retail,0
381,45.7,Online,0
844,31.78,Online,1
662,60.56,Online,1
360,164.58,Retail,1
176,60.94,Utilities,1
485,187.55,Retail,0
405,448.93,Travel,1
33,7.48,Retail,1
465,4.65,Retail,0
696,16.2,Travel,0
157,48.51,Dining,0
565,14.05,Online,0
808,204.53,Utilities,0
202,2.34,Online,0
786,37.95,Travel,0
175,20.42,Online,0
244,268.15,Online,0
269,110.71,Travel,0
923,243.08,Online,0
446,358.74,Travel,0
74,68.74,Travel,0
96,26.7,Dining,0
873,21.53,Dining,0
173,25.22,Online,0
899,123.3,Travel,0
406,4.13,Dining,0
155,5.27,Utilities,0
183,93.69,Utilities,0
323,102.74,Retail,0
289,109.44,Retail,1
258,46.5,Dining,0
587,163.96,Travel,1
174,76.28,Retail,0
330,11.15,Travel,0
231,159.5,Online,1
759,305.91,Online,0
161,6.19,Travel,1
186,49.65,Travel,0
903,66.85,Dining,1
143,15.84,Retail,0
282,202.28,Dining,1
907,33.43,Retail,0
640,152.79,Travel,0
678,111.17,Travel,1
27,91.14,Dining,0
246,21.34,Dining,0
487,24.94,Travel,1
647,4.85,Retail,0
897,27.54,Retail,0
202,42.38,Dining,0
21,179.06,Retail,0
591,45.63,Retail,0
670,140.5,Dining,0
94,57.88,Online,0
8,153.65,Travel,0
472,374.11,Travel,0
339,27.42,Utilities,0
259,198.3,Utilities,0
55,97.24,Travel,0
911,169.99,Online,0
548,105.44,Dining,0
6,55.16,Utilities,0
377,25.89,Travel,1
554,7.26,Online,0
50,76.68,Online,1
112,463.83,Travel,0
146,133.96,Online,0
230,39.65,Retail,0
723,175.56,Retail,1
497,146.53,Travel,0
306,33.08,Utilities,0
542,1.44,Dining,0
461,12.57,Dining,0
807,209.81,Dining,0
628,181.13,Retail,0
908,34.99,Travel,0
226,33.57,Online,1
59,157.44,Utilities,0
76,277.64,Retail,1
428,151.02,Travel,1
728,93.03,Retail,1
132,27.8,Retail,1
932,74.6,Travel,1
498,26.59,Dining,0
816,165.03,Retail,0
910,48.93,Retail,0
593,179.39,Online,0
305,48.06,Utilities,0
67,173.81,Travel,0
230,40.54,Dining,0
983,58.01,Retail,1
333,95.58,Utilities,0
905,7.29,Dining,0
277,296.05,Online,0
873,85.24,Retail,0
584,70.89,Dining,1
721,182.88,Dining,0
784,200.81,Retail,0
144,73.87,Retail,0
251,262.09,Dining,0
796,6.69,Online,0
691,12.02,Retail,0
952,90.83,Dining,0
80,43.71,Retail,0
57,62.4,Retail,1
366,39.76,Dining,0
308,51.87,Travel,0
174,172.96,Travel,0
462,90.01,Travel,0
750,593.11,Dining,1
678,154.59,Travel,0
596,31.97,Utilities,1
493,30.7,Travel,0
560,40.93,Online,1
639,185.32,Retail,0
681,2.77,Dining,0
866,26.16,Dining,0
374,235.3,Travel,0
955,102.14,Travel,0
349,25.73,Retail,0
67,24.74,Retail,1
330,198.5,Retail,0
852,224.2,Online,0
194,29.59,Online,1
155,54.56,Retail,0
160,179.94,Travel,1
696,147.41,Retail,0
266,168.16,Retail,0
168,73.06,Online,0
145,242.53,Dining,1
186,39.45,Retail,1
886,17.04,Retail,1
865,123.35,Online,0
774,77.51,Retail,1
423,192.82,Travel,0
786,8.46,Dining,0
457,185.59,Dining,1
840,34.71,Travel,0
345,106.38,Online,0
735,4.1,Retail,0
554,94.05,Online,0
516,126.33,Retail,0
788,46.01,Dining,0
796,24.26,Online,1
936,77.14,Travel,0
705,179.09,Online,0
104,39.09,Online,0
247,29.1,Retail,1
812,32.7,Online,0
23,297.85,Utilities,0
953,44.52,Dining,0
815,0.36,Retail,0
525,152.18,Retail,0
144,120.16,Retail,0
730,13.76,Retail,0
695,419.33,Dining,1
863,93.67,Retail,0
754,69.47,Retail,1
193,48.16,Travel,0
465,228.94,Travel,0
784,27.97,Dining,0
375,33.65,Online,1
677,13.06,Retail,0
692,142.35,Retail,1
629,90.52,Retail,0
266,93.92,Travel,0
378,24.65,Retail,0
550,105.32,Online,0
556,145.01,Retail,0
863,44.3,Utilities,0
74,161.62,Travel,0
438,42.89,Travel,0
881,141.94,Online,0
226,3.43,Online,0
819,80.11,Dining,0
308,349.09,Utilities,0
966,397.63,Travel,0
348,33.09,Online,1
476,58.23,Travel,0
315,6.5,Online,1
525,206.63,Retail,0
425,84.07,Retail,0
524,48.63,Dining,0
562,11.97,Retail,0
1000,293.31,Retail,0
825,75.55,Travel,0
946,33.26,Dining,0
249,43.11,Online,0
631,31.57,Dining,0
569,92.08,Online,0
182,265.87,Dining,0
962,194.28,Retail,1
776,61.69,Retail,0
106,175.16,Dining,0
191,55.01,Travel,1
137,29.08,Retail,0
700,409.93,Travel,0
120,36.22,Dining,0
754,39.12,Travel,0
831,457.49,Online,0
72,14.38,Online,0
755,142.93,Online,0
131,274.6,Utilities,0
457,71.7,Retail,0
781,0.25,Dining,0
905,47.01,Online,1
479,11.83,Dining,1
985,53.82,Online,0
52,156.08,Travel,1
574,57.75,Dining,0
119,56.55,Retail,0
877,81.37,Utilities,0
264,87.15,Online,0
239,194.0,Online,0
351,36.87,Dining,0
893,172.41,Retail,0
255,83.46,Retail,0
685,35.74,Online,0
309,34.97,Travel,1
749,44.81,Retail,1
831,97.47,Dining,0
607,26.24,Travel,0
849,252.99,Dining,0
495,85.55,Travel,1
57,252.59,Dining,0
950,4.75,Online,1
403,41.95,Retail,0
67,2.31,Travel,1
46,31.78,Travel,0
606,198.05,Utilities,0
650,3.73,Travel,0
369,57.3,Travel,1
605,12.51,Dining,1
232,53.93,Travel,0
402,182.54,Utilities,0
908,97.57,Online,1
561,133.47,Dining,1
23,42.94,Dining,0
574,288.95,Retail,0
267,123.53,Dining,0
841,54.78,Online,1
118,55.59,Travel,0
952,250.94,Retail,0
600,85.9,Utilities,0
601,122.55,Travel,0
55,53.96,Dining,0
153,25.32,Retail,0
239,128.58,Travel,0
265,93.6,Online,0
268,69.58,Travel,1
907,97.82,Dining,0
113,23.36,Retail,0
166,157.96,Travel,0
668,295.96,Utilities,1
8,221.74,Dining,0
714,38.78,Utilities,0
217,52.09,Utilities,1
431,165.24,Utilities,0
292,90.42,Online,0
893,79.39,Retail,0
50,261.24,Utilities,1
107,76.79,Retail,0
9,72.35,Retail,1
745,4.29,Retail,0
700,7.19,Travel,0
456,0.74,Dining,0
323,244.47,Travel,0
309,52.49,Retail,0
850,63.22,Travel,0
622,186.68,Travel,0
995,93.97,Online,1
145,94.03,Retail,1
740,35.17,Retail,0
821,179.52,Retail,0
412,18.13,Travel,0
114,5.46,Dining,0
575,21.27,Travel,0
399,31.16,Travel,0
275,33.17,Travel,0
124,111.02,Travel,0
86,24.57,Utilities,0
582,112.9,Retail,1
47,9.56,Online,0
711,15.92,Online,0
876,71.09,Retail,0
944,254.97,Utilities,0
201,196.3,Online,0
276,346.58,Dining,1
549,105.12,Travel,0
715,112.64,Dining,1
130,98.09,Retail,0
448,97.5,Retail,0
982,15.91,Online,0
804,78.47,Online,0
389,48.79,Retail,1
576,58.44,Online,0
263,74.15,Online,0
966,13.74,Retail,0
632,44.55,Travel,0
278,6.56,Travel,0
714,389.56,Online,0
46,12.62,Online,0
168,29.91,Retail,0
445,221.91,Dining,0
622,65.92,Online,0
46,14.58,Online,1
724,48.49,Retail,0
540,12.31,Dining,0
87,22.34,Online,0
803,5.34,Travel,0
385,57.67,Travel,0
669,164.32,Online,0
265,88.18,Retail,1
777,93.23,Online,0
22,22.39,Travel,0
768,42.14,Retail,0
703,186.59,Retail,0
450,9.2,Retail,0
976,195.14,Retail,1
232,66.1,Dining,1
186,181.49,Retail,0
326,38.27,Utilities,0
183,41.38,Dining,0
397,139.27,Travel,0
481,153.71,Travel,0
403,26.09,Dining,0
463,360.72,Travel,0
417,8.83,Retail,0
202,7.1,Online,0
65,90.51,Travel,0
956,128.28,Retail,0
908,324.13,Dining,0
555,51.91,Dining,0
733,2.56,Retail,0
17,92.36,Online,0
836,34.21,Dining,0
797,56.73,Dining,1
183,67.03,Travel,0
391,6.67,Utilities,0
44,66.55,Retail,1
973,55.57,Dining,0
901,124.67,Travel,0
700,103.75,Online,0
902,20.48,Retail,0
482,23.08,Retail,0
263,28.9,Online,0
174,19.72,Travel,0
441,107.06,Travel,0
566,519.04,Dining,0
220,105.59,Online,0
558,93.31,Retail,0
394,52.75,Retail,0
772,37.48,Utilities,0
195,241.99,Dining,1
409,347.38,Travel,0
471,68.67,Online,0
347,34.28,Dining,0
462,147.02,Retail,0
61,14.21,Retail,0
166,145.07,Travel,0
672,170.9,Online,0
151,13.34,Retail,0
111,376.63,Retail,0
488,423.45,Online,0
549,276.02,Retail,0
3,68.52,Dining,0
483,28.25,Retail,0
13,87.23,Dining,0
162,54.46,Travel,0
344,23.06,Retail,0
449,55.11,Dining,1
332,109.03,Dining,0
264,7.36,Dining,0
83,40.56,Dining,0
777,1.8,Dining,0
924,138.43,Dining,0
334,102.36,Dining,1
380,6.47,Dining,0
219,334.49,Dining,1
658,2.29,Dining,0
810,89.15,Retail,1
809,149.78,Retail,0
454,155.07,Retail,0
673,3.49,Utilities,1
741,236.89,Online,0
746,250.66,Dining,1
89,82.41,Retail,0
333,65.79,Retail,1
310,4.59,Online,0
727,82.54,Online,0
420,52.66,Retail,0
609,148.2,Online,0
725,51.73,Travel,0
354,115.07,Travel,0
824,10.69,Online,0
100,14.27,Dining,0
145,15.05,Online,0
10,4.66,Retail,0
983,77.94,Travel,0
44,157.97,Travel,1
763,94.27,Travel,0
386,85.56,Dining,0
739,114.14,Retail,1
910,41.5,Travel,0
761,44.93,Travel,0
495,37.73,Online,0
493,124.52,Dining,0
169,17.63,Dining,0
642,1.31,Retail,0
531,90.68,Travel,0
336,285.39,Retail,0
747,94.01,Retail,0
857,152.75,Retail,0
513,111.72,Retail,0
130,68.8,Dining,1
539,126.72,Utilities,0
514,173.79,Retail,0
250,25.45,Online,1
734,40.97,Retail,0
947,25.32,Dining,1
138,60.18,Dining,1
275,216.34,Utilities,0
464,42.34,Retail,0
141,46.92,Travel,0
944,196.87,Retail,1
256,72.44,Travel,0
882,76.67,Utilities,0
824,197.19,Online,0
456,67.44,Online,0
952,114.43,Dining,1
434,8.95,Online,1
607,19.68,Travel,0
173,51.81,Retail,0
473,68.29,Online,1
955,337.36,Retail,0
423,352.85,Retail,0
917,190.51,Retail,0
439,37.92,Dining,1
57,332.5,Dining,0
498,116.91,Retail,0
614,49.91,Online,0
169,120.96,Online,0
989,1.67,Utilities,1
582,15.8,Dining,0
850,177.01,Online,0
561,103.73,Online,0
428,45.29,Retail,1
419,69.45,Travel,0
347,235.54,Travel,0
517,99.85,Retail,1
455,50.77,Retail,1
714,12.82,Travel,0
202,34.78,Retail,0
179,383.23,Retail,0
57,57.51,Travel,0
698,63.84,Online,0
604,69.03,Online,0
